#
# There is insufficient memory for the Java Runtime Environment to continue.
# Native memory allocation (mmap) failed to map 624951296 bytes for G1 virtual space
# Possible reasons:
#   The system is out of physical RAM or swap space
#   The process is running with CompressedOops enabled, and the Java Heap may be blocking the growth of the native heap
# Possible solutions:
#   Reduce memory load on the system
#   Increase physical memory or swap space
#   Check if swap backing store is full
#   Decrease Java heap size (-Xmx/-Xms)
#   Decrease number of Java threads
#   Decrease Java thread stack sizes (-Xss)
#   Set larger code cache with -XX:ReservedCodeCacheSize=
#   JVM is running with Zero Based Compressed Oops mode in which the Java heap is
#     placed in the first 32GB address space. The Java Heap base address is the
#     maximum limit for the native heap growth. Please use -XX:HeapBaseMinAddress
#     to set the Java Heap base and to place the Java Heap above 32GB virtual address.
# This output file may be truncated or incomplete.
#
#  Out of Memory Error (os_windows.cpp:3548), pid=38628, tid=15540
#
# JRE version: Java(TM) SE Runtime Environment (17.0.12+8) (build 17.0.12+8-LTS-286)
# Java VM: Java HotSpot(TM) 64-Bit Server VM (17.0.12+8-LTS-286, mixed mode, sharing, tiered, compressed oops, compressed class ptrs, g1 gc, windows-amd64)
# No core dump will be written. Minidumps are not enabled by default on client versions of Windows
#

---------------  S U M M A R Y ------------

Command Line: -Dapplication.home=C:\Program Files\Java\jdk-17 --add-modules=ALL-DEFAULT -Xms8m -Djdk.module.main=jdk.compiler jdk.compiler/com.sun.tools.javac.Main @C:/Users/komat/AppData/Local/Temp/org.codehaus.plexus.compiler.javac.JavacCompiler162169092464978358arguments

Host: 13th Gen Intel(R) Core(TM) i5-1334U, 12 cores, 23G,  Windows 11 , 64 bit Build 26100 (10.0.26100.8875)
Time: Fri Aug 14 18:18:27 2026 Malay Peninsula Standard Time elapsed time: 49.961214 seconds (0d 0h 0m 49s)

---------------  T H R E A D  ---------------

Current thread (0x0000022dff0bc150):  VMThread "VM Thread" [stack: 0x000000de12c00000,0x000000de12d00000] [id=15540]

Stack: [0x000000de12c00000,0x000000de12d00000]
Native frames: (J=compiled Java code, j=interpreted, Vv=VM code, C=native code)
V  [jvm.dll+0x67a04a]
V  [jvm.dll+0x7da4ed]
V  [jvm.dll+0x7dbe33]
V  [jvm.dll+0x7dc4a3]
V  [jvm.dll+0x24508f]
V  [jvm.dll+0x677089]
V  [jvm.dll+0x66bd32]
V  [jvm.dll+0x301fa6]
V  [jvm.dll+0x309546]
V  [jvm.dll+0x359d2e]
V  [jvm.dll+0x359f5f]
V  [jvm.dll+0x2d9078]
V  [jvm.dll+0x2d74ad]
V  [jvm.dll+0x2d6afc]
V  [jvm.dll+0x31a65b]
V  [jvm.dll+0x7e0d9b]
V  [jvm.dll+0x7e1ad4]
V  [jvm.dll+0x7e1fed]
V  [jvm.dll+0x7e23c4]
V  [jvm.dll+0x7e2490]
V  [jvm.dll+0x78abea]
V  [jvm.dll+0x678f35]
C  [ucrtbase.dll+0x2cd30]
C  [KERNEL32.DLL+0x2e957]
C  [ntdll.dll+0xaad6c]

VM_Operation (0x000000de126fde20): G1CollectForAllocation, mode: safepoint, requested by thread 0x0000022df7d65960


---------------  P R O C E S S  ---------------

Threads class SMR info:
_java_thread_list=0x0000022debe679e0, length=12, elements={
0x0000022df7d65960, 0x0000022dff0c0c00, 0x0000022dff0c17c0, 0x0000022dff0da8f0,
0x0000022dff0db2b0, 0x0000022dff0dbc70, 0x0000022dff0dc630, 0x0000022dff0df3e0,
0x0000022dff0e9eb0, 0x0000022dff10f8f0, 0x0000022dff0ad4f0, 0x0000022da27871a0
}

Java Threads: ( => current thread )
  0x0000022df7d65960 JavaThread "main" [_thread_blocked, id=16432, stack(0x000000de12600000,0x000000de12700000)]
  0x0000022dff0c0c00 JavaThread "Reference Handler" daemon [_thread_blocked, id=43440, stack(0x000000de12d00000,0x000000de12e00000)]
  0x0000022dff0c17c0 JavaThread "Finalizer" daemon [_thread_blocked, id=12588, stack(0x000000de12e00000,0x000000de12f00000)]
  0x0000022dff0da8f0 JavaThread "Signal Dispatcher" daemon [_thread_blocked, id=38852, stack(0x000000de12f00000,0x000000de13000000)]
  0x0000022dff0db2b0 JavaThread "Attach Listener" daemon [_thread_blocked, id=33440, stack(0x000000de13000000,0x000000de13100000)]
  0x0000022dff0dbc70 JavaThread "Service Thread" daemon [_thread_blocked, id=41764, stack(0x000000de13100000,0x000000de13200000)]
  0x0000022dff0dc630 JavaThread "Monitor Deflation Thread" daemon [_thread_blocked, id=34912, stack(0x000000de13200000,0x000000de13300000)]
  0x0000022dff0df3e0 JavaThread "C2 CompilerThread0" daemon [_thread_blocked, id=3644, stack(0x000000de13300000,0x000000de13400000)]
  0x0000022dff0e9eb0 JavaThread "C1 CompilerThread0" daemon [_thread_blocked, id=43284, stack(0x000000de13400000,0x000000de13500000)]
  0x0000022dff10f8f0 JavaThread "Sweeper thread" daemon [_thread_blocked, id=42012, stack(0x000000de13500000,0x000000de13600000)]
  0x0000022dff0ad4f0 JavaThread "Common-Cleaner" daemon [_thread_blocked, id=19780, stack(0x000000de13600000,0x000000de13700000)]
  0x0000022da27871a0 JavaThread "Notification Thread" daemon [_thread_blocked, id=22532, stack(0x000000de13800000,0x000000de13900000)]

Other Threads:
=>0x0000022dff0bc150 VMThread "VM Thread" [stack: 0x000000de12c00000,0x000000de12d00000] [id=15540]
  0x0000022df7e071f0 WatcherThread [stack: 0x000000de13900000,0x000000de13a00000] [id=37300]
  0x0000022df7deb940 GCTaskThread "GC Thread#0" [stack: 0x000000de12700000,0x000000de12800000] [id=29868]
  0x0000022de8251b00 GCTaskThread "GC Thread#1" [stack: 0x000000de13700000,0x000000de13800000] [id=44496]
  0x0000022da298d000 GCTaskThread "GC Thread#2" [stack: 0x000000de13a00000,0x000000de13b00000] [id=35904]
  0x0000022da2925d00 GCTaskThread "GC Thread#3" [stack: 0x000000de13b00000,0x000000de13c00000] [id=29540]
  0x0000022da2958e30 GCTaskThread "GC Thread#4" [stack: 0x000000de13e00000,0x000000de13f00000] [id=28856]
  0x0000022de82638a0 GCTaskThread "GC Thread#5" [stack: 0x000000de13c00000,0x000000de13d00000] [id=47288]
  0x0000022de8262820 GCTaskThread "GC Thread#6" [stack: 0x000000de14200000,0x000000de14300000] [id=4116]
  0x0000022de8263060 GCTaskThread "GC Thread#7" [stack: 0x000000de14300000,0x000000de14400000] [id=44984]
  0x0000022deaaba240 GCTaskThread "GC Thread#8" [stack: 0x000000de14600000,0x000000de14700000] [id=36092]
  0x0000022deaaba500 GCTaskThread "GC Thread#9" [stack: 0x000000de14700000,0x000000de14800000] [id=29344]
  0x0000022df7df85d0 ConcurrentGCThread "G1 Main Marker" [stack: 0x000000de12800000,0x000000de12900000] [id=13464]
  0x0000022df7df8fe0 ConcurrentGCThread "G1 Conc#0" [stack: 0x000000de12900000,0x000000de12a00000] [id=22632]
  0x0000022de827ab70 ConcurrentGCThread "G1 Conc#1" [stack: 0x000000de13d00000,0x000000de13e00000] [id=15832]
  0x0000022de8261fe0 ConcurrentGCThread "G1 Conc#2" [stack: 0x000000de13f00000,0x000000de14000000] [id=26440]
  0x0000022dfef730a0 ConcurrentGCThread "G1 Refine#0" [stack: 0x000000de12a00000,0x000000de12b00000] [id=14668]
  0x0000022deaa089a0 ConcurrentGCThread "G1 Refine#1" [stack: 0x000000de14400000,0x000000de14500000] [id=5340]
  0x0000022deaed65f0 ConcurrentGCThread "G1 Refine#2" [stack: 0x000000de14500000,0x000000de14600000] [id=44736]
  0x0000022dea46baa0 ConcurrentGCThread "G1 Refine#3" [stack: 0x000000de14800000,0x000000de14900000] [id=49924]
  0x0000022dea4c8af0 ConcurrentGCThread "G1 Refine#4" [stack: 0x000000de14900000,0x000000de14a00000] [id=38316]
  0x0000022da298d2c0 ConcurrentGCThread "G1 Refine#5" [stack: 0x000000de14a00000,0x000000de14b00000] [id=30624]
  0x0000022de934a960 ConcurrentGCThread "G1 Refine#6" [stack: 0x000000de14b00000,0x000000de14c00000] [id=4644]
  0x0000022dea05aa90 ConcurrentGCThread "G1 Refine#7" [stack: 0x000000de12300000,0x000000de12400000] [id=33648]
  0x0000022dfef73880 ConcurrentGCThread "G1 Service" [stack: 0x000000de12b00000,0x000000de12c00000] [id=46716]

Threads with active compile tasks:
C2 CompilerThread0    50014 7116       4       lombok.javac.handlers.HandleEqualsAndHashCode::createResultCalculation (67 bytes)

VM state: at safepoint (normal execution)

VM Mutex/Monitor currently owned by a thread:  ([mutex/lock_event])
[0x0000022df798b600] Threads_lock - owner thread: 0x0000022dff0bc150
[0x0000022df7d62bc0] Heap_lock - owner thread: 0x0000022df7d65960

Heap address: 0x0000000685800000, size: 6056 MB, Compressed Oops mode: Zero based, Oop shift amount: 3

CDS archive(s) mapped at: [0x0000022da3000000-0x0000022da3bd0000-0x0000022da3bd0000), size 12386304, SharedBaseAddress: 0x0000022da3000000, ArchiveRelocationMode: 1.
Compressed class space mapped at: 0x0000022da4000000-0x0000022de4000000, reserved size: 1073741824
Narrow klass base: 0x0000022da3000000, Narrow klass shift: 0, Narrow klass range: 0x100000000

GC Precious Log:
 CPUs: 12 total, 12 available
 Memory: 24219M
 Large Page Support: Disabled
 NUMA Support: Disabled
 Compressed Oops: Enabled (Zero based)
 Heap Region Size: 4M
 Heap Min Capacity: 8M
 Heap Initial Capacity: 8M
 Heap Max Capacity: 6056M
 Pre-touch: Disabled
 Parallel Workers: 10
 Concurrent Workers: 3
 Concurrent Refinement Workers: 10
 Periodic GC: Disabled

Heap:
 garbage-first heap   total 2170880K, used 286336K [0x0000000685800000, 0x0000000800000000)
  region size 4096K, 4 young (16384K), 4 survivors (16384K)
 Metaspace       used 15404K, committed 15680K, reserved 1114112K
  class space    used 1546K, committed 1664K, reserved 1048576K

Heap Regions: E=young(eden), S=young(survivor), O=old, HS=humongous(starts), HC=humongous(continues), CS=collection set, F=free, OA=open archive, CA=closed archive, TAMS=top-at-mark-start (previous, next)
|   0|0x0000000685800000, 0x0000000685c00000, 0x0000000685c00000|100%| O|  |TAMS 0x0000000685c00000, 0x0000000685800000| Untracked 
|   1|0x0000000685c00000, 0x0000000686000000, 0x0000000686000000|100%| O|  |TAMS 0x0000000686000000, 0x0000000685c00000| Untracked 
|   2|0x0000000686000000, 0x0000000686400000, 0x0000000686400000|100%| O|  |TAMS 0x0000000686400000, 0x0000000686000000| Untracked 
|   3|0x0000000686400000, 0x0000000686800000, 0x0000000686800000|100%| O|  |TAMS 0x0000000686800000, 0x0000000686400000| Untracked 
|   4|0x0000000686800000, 0x0000000686c00000, 0x0000000686c00000|100%| O|  |TAMS 0x0000000686c00000, 0x0000000686800000| Untracked 
|   5|0x0000000686c00000, 0x0000000687000000, 0x0000000687000000|100%| O|  |TAMS 0x0000000687000000, 0x0000000686c00000| Untracked 
|   6|0x0000000687000000, 0x0000000687400000, 0x0000000687400000|100%| O|  |TAMS 0x0000000687400000, 0x0000000687000000| Untracked 
|   7|0x0000000687400000, 0x0000000687800000, 0x0000000687800000|100%| O|  |TAMS 0x0000000687800000, 0x0000000687400000| Untracked 
|   8|0x0000000687800000, 0x0000000687c00000, 0x0000000687c00000|100%| O|  |TAMS 0x0000000687c00000, 0x0000000687800000| Untracked 
|   9|0x0000000687c00000, 0x0000000688000000, 0x0000000688000000|100%| O|  |TAMS 0x0000000688000000, 0x0000000687c00000| Untracked 
|  10|0x0000000688000000, 0x0000000688400000, 0x0000000688400000|100%| O|  |TAMS 0x0000000688400000, 0x0000000688000000| Untracked 
|  11|0x0000000688400000, 0x0000000688800000, 0x0000000688800000|100%| O|  |TAMS 0x0000000688800000, 0x0000000688400000| Untracked 
|  12|0x0000000688800000, 0x0000000688c00000, 0x0000000688c00000|100%| O|  |TAMS 0x0000000688c00000, 0x0000000688800000| Untracked 
|  13|0x0000000688c00000, 0x0000000689000000, 0x0000000689000000|100%| O|  |TAMS 0x0000000689000000, 0x0000000688c00000| Untracked 
|  14|0x0000000689000000, 0x0000000689400000, 0x0000000689400000|100%| O|  |TAMS 0x0000000689400000, 0x0000000689000000| Untracked 
|  15|0x0000000689400000, 0x0000000689800000, 0x0000000689800000|100%| O|  |TAMS 0x0000000689800000, 0x0000000689400000| Untracked 
|  16|0x0000000689800000, 0x0000000689c00000, 0x0000000689c00000|100%| O|  |TAMS 0x0000000689c00000, 0x0000000689800000| Untracked 
|  17|0x0000000689c00000, 0x000000068a000000, 0x000000068a000000|100%| O|  |TAMS 0x000000068a000000, 0x0000000689c00000| Untracked 
|  18|0x000000068a000000, 0x000000068a400000, 0x000000068a400000|100%| O|  |TAMS 0x000000068a400000, 0x000000068a000000| Untracked 
|  19|0x000000068a400000, 0x000000068a800000, 0x000000068a800000|100%| O|  |TAMS 0x000000068a7bbc00, 0x000000068a400000| Untracked 
|  20|0x000000068a800000, 0x000000068ac00000, 0x000000068ac00000|100%|HS|  |TAMS 0x000000068ac00000, 0x000000068a800000| Complete 
|  21|0x000000068ac00000, 0x000000068b000000, 0x000000068b000000|100%| O|  |TAMS 0x000000068ac00000, 0x000000068ac00000| Untracked 
|  22|0x000000068b000000, 0x000000068b400000, 0x000000068b400000|100%| O|  |TAMS 0x000000068b000000, 0x000000068b000000| Untracked 
|  23|0x000000068b400000, 0x000000068b800000, 0x000000068b800000|100%| O|  |TAMS 0x000000068b400000, 0x000000068b400000| Untracked 
|  24|0x000000068b800000, 0x000000068bc00000, 0x000000068bc00000|100%|HS|  |TAMS 0x000000068b800000, 0x000000068b800000| Complete 
|  25|0x000000068bc00000, 0x000000068c000000, 0x000000068c000000|100%| O|  |TAMS 0x000000068bc00000, 0x000000068bc00000| Untracked 
|  26|0x000000068c000000, 0x000000068c400000, 0x000000068c400000|100%|HS|  |TAMS 0x000000068c000000, 0x000000068c000000| Complete 
|  27|0x000000068c400000, 0x000000068c800000, 0x000000068c800000|100%|HC|  |TAMS 0x000000068c400000, 0x000000068c400000| Complete 
|  28|0x000000068c800000, 0x000000068cc00000, 0x000000068cc00000|100%| O|  |TAMS 0x000000068c800000, 0x000000068c800000| Untracked 
|  29|0x000000068cc00000, 0x000000068d000000, 0x000000068d000000|100%| O|  |TAMS 0x000000068cc00000, 0x000000068cc00000| Untracked 
|  30|0x000000068d000000, 0x000000068d400000, 0x000000068d400000|100%| O|  |TAMS 0x000000068d000000, 0x000000068d000000| Untracked 
|  31|0x000000068d400000, 0x000000068d800000, 0x000000068d800000|100%| O|  |TAMS 0x000000068d400000, 0x000000068d400000| Untracked 
|  32|0x000000068d800000, 0x000000068dc00000, 0x000000068dc00000|100%| O|  |TAMS 0x000000068d800000, 0x000000068d800000| Untracked 
|  33|0x000000068dc00000, 0x000000068e000000, 0x000000068e000000|100%|HS|  |TAMS 0x000000068dc00000, 0x000000068dc00000| Complete 
|  34|0x000000068e000000, 0x000000068e400000, 0x000000068e400000|100%|HC|  |TAMS 0x000000068e000000, 0x000000068e000000| Complete 
|  35|0x000000068e400000, 0x000000068e800000, 0x000000068e800000|100%|HC|  |TAMS 0x000000068e400000, 0x000000068e400000| Complete 
|  36|0x000000068e800000, 0x000000068ec00000, 0x000000068ec00000|100%| O|  |TAMS 0x000000068e800000, 0x000000068e800000| Untracked 
|  37|0x000000068ec00000, 0x000000068f000000, 0x000000068f000000|100%| O|  |TAMS 0x000000068ec00000, 0x000000068ec00000| Untracked 
|  38|0x000000068f000000, 0x000000068f400000, 0x000000068f400000|100%| O|  |TAMS 0x000000068f000000, 0x000000068f000000| Untracked 
|  39|0x000000068f400000, 0x000000068f800000, 0x000000068f800000|100%| O|  |TAMS 0x000000068f400000, 0x000000068f400000| Untracked 
|  40|0x000000068f800000, 0x000000068fc00000, 0x000000068fc00000|100%| O|  |TAMS 0x000000068f800000, 0x000000068f800000| Untracked 
|  41|0x000000068fc00000, 0x0000000690000000, 0x0000000690000000|100%| O|  |TAMS 0x000000068fc00000, 0x000000068fc00000| Untracked 
|  42|0x0000000690000000, 0x0000000690400000, 0x0000000690400000|100%| O|  |TAMS 0x0000000690000000, 0x0000000690000000| Untracked 
|  43|0x0000000690400000, 0x0000000690800000, 0x0000000690800000|100%| O|  |TAMS 0x0000000690400000, 0x0000000690400000| Untracked 
|  44|0x0000000690800000, 0x0000000690c00000, 0x0000000690c00000|100%| O|  |TAMS 0x0000000690800000, 0x0000000690800000| Untracked 
|  45|0x0000000690c00000, 0x0000000691000000, 0x0000000691000000|100%| O|  |TAMS 0x0000000690c00000, 0x0000000690c00000| Untracked 
|  46|0x0000000691000000, 0x0000000691400000, 0x0000000691400000|100%| O|  |TAMS 0x0000000691000000, 0x0000000691000000| Untracked 
|  47|0x0000000691400000, 0x0000000691800000, 0x0000000691800000|100%| O|  |TAMS 0x0000000691400000, 0x0000000691400000| Untracked 
|  48|0x0000000691800000, 0x0000000691c00000, 0x0000000691c00000|100%| O|  |TAMS 0x0000000691800000, 0x0000000691800000| Untracked 
|  49|0x0000000691c00000, 0x0000000692000000, 0x0000000692000000|100%| O|  |TAMS 0x0000000691c00000, 0x0000000691c00000| Untracked 
|  50|0x0000000692000000, 0x0000000692400000, 0x0000000692400000|100%| O|  |TAMS 0x0000000692000000, 0x0000000692000000| Untracked 
|  51|0x0000000692400000, 0x0000000692800000, 0x0000000692800000|100%| O|  |TAMS 0x0000000692400000, 0x0000000692400000| Untracked 
|  52|0x0000000692800000, 0x0000000692c00000, 0x0000000692c00000|100%| O|  |TAMS 0x0000000692800000, 0x0000000692800000| Untracked 
|  53|0x0000000692c00000, 0x0000000693000000, 0x0000000693000000|100%| O|  |TAMS 0x0000000692c00000, 0x0000000692c00000| Untracked 
|  54|0x0000000693000000, 0x0000000693400000, 0x0000000693400000|100%| O|  |TAMS 0x0000000693000000, 0x0000000693000000| Untracked 
|  55|0x0000000693400000, 0x0000000693800000, 0x0000000693800000|100%| O|  |TAMS 0x0000000693400000, 0x0000000693400000| Untracked 
|  56|0x0000000693800000, 0x0000000693c00000, 0x0000000693c00000|100%| O|  |TAMS 0x0000000693800000, 0x0000000693800000| Untracked 
|  57|0x0000000693c00000, 0x0000000694000000, 0x0000000694000000|100%| O|  |TAMS 0x0000000693c00000, 0x0000000693c00000| Untracked 
|  58|0x0000000694000000, 0x0000000694400000, 0x0000000694400000|100%| O|  |TAMS 0x0000000694000000, 0x0000000694000000| Untracked 
|  59|0x0000000694400000, 0x0000000694800000, 0x0000000694800000|100%| O|  |TAMS 0x0000000694400000, 0x0000000694400000| Untracked 
|  60|0x0000000694800000, 0x0000000694c00000, 0x0000000694c00000|100%| O|  |TAMS 0x0000000694800000, 0x0000000694800000| Untracked 
|  61|0x0000000694c00000, 0x0000000695000000, 0x0000000695000000|100%| O|  |TAMS 0x0000000694c00000, 0x0000000694c00000| Untracked 
|  62|0x0000000695000000, 0x0000000695400000, 0x0000000695400000|100%| O|  |TAMS 0x0000000695000000, 0x0000000695000000| Untracked 
|  63|0x0000000695400000, 0x0000000695800000, 0x0000000695800000|100%| O|  |TAMS 0x0000000695400000, 0x0000000695400000| Untracked 
|  64|0x0000000695800000, 0x00000006959ca400, 0x0000000695c00000| 44%| O|  |TAMS 0x0000000695800000, 0x0000000695800000| Untracked 
|  65|0x0000000695c00000, 0x0000000695c00000, 0x0000000696000000|  0%| F|  |TAMS 0x0000000695c00000, 0x0000000695c00000| Untracked 
|  66|0x0000000696000000, 0x0000000696000000, 0x0000000696400000|  0%| F|  |TAMS 0x0000000696000000, 0x0000000696000000| Untracked 
|  67|0x0000000696400000, 0x0000000696400000, 0x0000000696800000|  0%| F|  |TAMS 0x0000000696400000, 0x0000000696400000| Untracked 
|  68|0x0000000696800000, 0x0000000696800000, 0x0000000696c00000|  0%| F|  |TAMS 0x0000000696800000, 0x0000000696800000| Untracked 
|  69|0x0000000696c00000, 0x0000000696c00000, 0x0000000697000000|  0%| F|  |TAMS 0x0000000696c00000, 0x0000000696c00000| Untracked 
|  70|0x0000000697000000, 0x0000000697000000, 0x0000000697400000|  0%| F|  |TAMS 0x0000000697000000, 0x0000000697000000| Untracked 
|  71|0x0000000697400000, 0x0000000697400000, 0x0000000697800000|  0%| F|  |TAMS 0x0000000697400000, 0x0000000697400000| Untracked 
|  72|0x0000000697800000, 0x0000000697800000, 0x0000000697c00000|  0%| F|  |TAMS 0x0000000697800000, 0x0000000697800000| Untracked 
|  73|0x0000000697c00000, 0x0000000697c00000, 0x0000000698000000|  0%| F|  |TAMS 0x0000000697c00000, 0x0000000697c00000| Untracked 
|  74|0x0000000698000000, 0x0000000698000000, 0x0000000698400000|  0%| F|  |TAMS 0x0000000698000000, 0x0000000698000000| Untracked 
|  75|0x0000000698400000, 0x0000000698400000, 0x0000000698800000|  0%| F|  |TAMS 0x0000000698400000, 0x0000000698400000| Untracked 
|  76|0x0000000698800000, 0x0000000698800000, 0x0000000698c00000|  0%| F|  |TAMS 0x0000000698800000, 0x0000000698800000| Untracked 
|  77|0x0000000698c00000, 0x0000000698c00000, 0x0000000699000000|  0%| F|  |TAMS 0x0000000698c00000, 0x0000000698c00000| Untracked 
|  78|0x0000000699000000, 0x0000000699000000, 0x0000000699400000|  0%| F|  |TAMS 0x0000000699000000, 0x0000000699000000| Untracked 
|  79|0x0000000699400000, 0x0000000699400000, 0x0000000699800000|  0%| F|  |TAMS 0x0000000699400000, 0x0000000699400000| Untracked 
|  80|0x0000000699800000, 0x0000000699800000, 0x0000000699c00000|  0%| F|  |TAMS 0x0000000699800000, 0x0000000699800000| Untracked 
|  81|0x0000000699c00000, 0x0000000699c00000, 0x000000069a000000|  0%| F|  |TAMS 0x0000000699c00000, 0x0000000699c00000| Untracked 
|  82|0x000000069a000000, 0x000000069a000000, 0x000000069a400000|  0%| F|  |TAMS 0x000000069a000000, 0x000000069a000000| Untracked 
|  83|0x000000069a400000, 0x000000069a400000, 0x000000069a800000|  0%| F|  |TAMS 0x000000069a400000, 0x000000069a400000| Untracked 
|  84|0x000000069a800000, 0x000000069a800000, 0x000000069ac00000|  0%| F|  |TAMS 0x000000069a800000, 0x000000069a800000| Untracked 
|  85|0x000000069ac00000, 0x000000069ac00000, 0x000000069b000000|  0%| F|  |TAMS 0x000000069ac00000, 0x000000069ac00000| Untracked 
|  86|0x000000069b000000, 0x000000069b000000, 0x000000069b400000|  0%| F|  |TAMS 0x000000069b000000, 0x000000069b000000| Untracked 
|  87|0x000000069b400000, 0x000000069b400000, 0x000000069b800000|  0%| F|  |TAMS 0x000000069b400000, 0x000000069b400000| Untracked 
|  88|0x000000069b800000, 0x000000069b800000, 0x000000069bc00000|  0%| F|  |TAMS 0x000000069b800000, 0x000000069b800000| Untracked 
|  89|0x000000069bc00000, 0x000000069bc00000, 0x000000069c000000|  0%| F|  |TAMS 0x000000069bc00000, 0x000000069bc00000| Untracked 
|  90|0x000000069c000000, 0x000000069c000000, 0x000000069c400000|  0%| F|  |TAMS 0x000000069c000000, 0x000000069c000000| Untracked 
|  91|0x000000069c400000, 0x000000069c400000, 0x000000069c800000|  0%| F|  |TAMS 0x000000069c400000, 0x000000069c400000| Untracked 
|  92|0x000000069c800000, 0x000000069c800000, 0x000000069cc00000|  0%| F|  |TAMS 0x000000069c800000, 0x000000069c800000| Untracked 
|  93|0x000000069cc00000, 0x000000069cc00000, 0x000000069d000000|  0%| F|  |TAMS 0x000000069cc00000, 0x000000069cc00000| Untracked 
|  94|0x000000069d000000, 0x000000069d000000, 0x000000069d400000|  0%| F|  |TAMS 0x000000069d000000, 0x000000069d000000| Untracked 
|  95|0x000000069d400000, 0x000000069d400000, 0x000000069d800000|  0%| F|  |TAMS 0x000000069d400000, 0x000000069d400000| Untracked 
|  96|0x000000069d800000, 0x000000069d800000, 0x000000069dc00000|  0%| F|  |TAMS 0x000000069d800000, 0x000000069d800000| Untracked 
|  97|0x000000069dc00000, 0x000000069dc00000, 0x000000069e000000|  0%| F|  |TAMS 0x000000069dc00000, 0x000000069dc00000| Untracked 
|  98|0x000000069e000000, 0x000000069e000000, 0x000000069e400000|  0%| F|  |TAMS 0x000000069e000000, 0x000000069e000000| Untracked 
|  99|0x000000069e400000, 0x000000069e400000, 0x000000069e800000|  0%| F|  |TAMS 0x000000069e400000, 0x000000069e400000| Untracked 
| 100|0x000000069e800000, 0x000000069e800000, 0x000000069ec00000|  0%| F|  |TAMS 0x000000069e800000, 0x000000069e800000| Untracked 
| 101|0x000000069ec00000, 0x000000069ec00000, 0x000000069f000000|  0%| F|  |TAMS 0x000000069ec00000, 0x000000069ec00000| Untracked 
| 102|0x000000069f000000, 0x000000069f000000, 0x000000069f400000|  0%| F|  |TAMS 0x000000069f000000, 0x000000069f000000| Untracked 
| 103|0x000000069f400000, 0x000000069f400000, 0x000000069f800000|  0%| F|  |TAMS 0x000000069f400000, 0x000000069f400000| Untracked 
| 104|0x000000069f800000, 0x000000069f800000, 0x000000069fc00000|  0%| F|  |TAMS 0x000000069f800000, 0x000000069f800000| Untracked 
| 105|0x000000069fc00000, 0x000000069fc00000, 0x00000006a0000000|  0%| F|  |TAMS 0x000000069fc00000, 0x000000069fc00000| Untracked 
| 106|0x00000006a0000000, 0x00000006a0000000, 0x00000006a0400000|  0%| F|  |TAMS 0x00000006a0000000, 0x00000006a0000000| Untracked 
| 107|0x00000006a0400000, 0x00000006a0400000, 0x00000006a0800000|  0%| F|  |TAMS 0x00000006a0400000, 0x00000006a0400000| Untracked 
| 108|0x00000006a0800000, 0x00000006a0800000, 0x00000006a0c00000|  0%| F|  |TAMS 0x00000006a0800000, 0x00000006a0800000| Untracked 
| 109|0x00000006a0c00000, 0x00000006a0c00000, 0x00000006a1000000|  0%| F|  |TAMS 0x00000006a0c00000, 0x00000006a0c00000| Untracked 
| 110|0x00000006a1000000, 0x00000006a1000000, 0x00000006a1400000|  0%| F|  |TAMS 0x00000006a1000000, 0x00000006a1000000| Untracked 
| 111|0x00000006a1400000, 0x00000006a1400000, 0x00000006a1800000|  0%| F|  |TAMS 0x00000006a1400000, 0x00000006a1400000| Untracked 
| 112|0x00000006a1800000, 0x00000006a1800000, 0x00000006a1c00000|  0%| F|  |TAMS 0x00000006a1800000, 0x00000006a1800000| Untracked 
| 113|0x00000006a1c00000, 0x00000006a1c00000, 0x00000006a2000000|  0%| F|  |TAMS 0x00000006a1c00000, 0x00000006a1c00000| Untracked 
| 114|0x00000006a2000000, 0x00000006a2000000, 0x00000006a2400000|  0%| F|  |TAMS 0x00000006a2000000, 0x00000006a2000000| Untracked 
| 115|0x00000006a2400000, 0x00000006a2400000, 0x00000006a2800000|  0%| F|  |TAMS 0x00000006a2400000, 0x00000006a2400000| Untracked 
| 116|0x00000006a2800000, 0x00000006a2800000, 0x00000006a2c00000|  0%| F|  |TAMS 0x00000006a2800000, 0x00000006a2800000| Untracked 
| 117|0x00000006a2c00000, 0x00000006a2c00000, 0x00000006a3000000|  0%| F|  |TAMS 0x00000006a2c00000, 0x00000006a2c00000| Untracked 
| 118|0x00000006a3000000, 0x00000006a3000000, 0x00000006a3400000|  0%| F|  |TAMS 0x00000006a3000000, 0x00000006a3000000| Untracked 
| 119|0x00000006a3400000, 0x00000006a3400000, 0x00000006a3800000|  0%| F|  |TAMS 0x00000006a3400000, 0x00000006a3400000| Untracked 
| 120|0x00000006a3800000, 0x00000006a3800000, 0x00000006a3c00000|  0%| F|  |TAMS 0x00000006a3800000, 0x00000006a3800000| Untracked 
| 121|0x00000006a3c00000, 0x00000006a3c00000, 0x00000006a4000000|  0%| F|  |TAMS 0x00000006a3c00000, 0x00000006a3c00000| Untracked 
| 122|0x00000006a4000000, 0x00000006a4000000, 0x00000006a4400000|  0%| F|  |TAMS 0x00000006a4000000, 0x00000006a4000000| Untracked 
| 123|0x00000006a4400000, 0x00000006a4400000, 0x00000006a4800000|  0%| F|  |TAMS 0x00000006a4400000, 0x00000006a4400000| Untracked 
| 124|0x00000006a4800000, 0x00000006a4800000, 0x00000006a4c00000|  0%| F|  |TAMS 0x00000006a4800000, 0x00000006a4800000| Untracked 
| 125|0x00000006a4c00000, 0x00000006a4c00000, 0x00000006a5000000|  0%| F|  |TAMS 0x00000006a4c00000, 0x00000006a4c00000| Untracked 
| 126|0x00000006a5000000, 0x00000006a5000000, 0x00000006a5400000|  0%| F|  |TAMS 0x00000006a5000000, 0x00000006a5000000| Untracked 
| 127|0x00000006a5400000, 0x00000006a5400000, 0x00000006a5800000|  0%| F|  |TAMS 0x00000006a5400000, 0x00000006a5400000| Untracked 
| 128|0x00000006a5800000, 0x00000006a5800000, 0x00000006a5c00000|  0%| F|  |TAMS 0x00000006a5800000, 0x00000006a5800000| Untracked 
| 129|0x00000006a5c00000, 0x00000006a5c00000, 0x00000006a6000000|  0%| F|  |TAMS 0x00000006a5c00000, 0x00000006a5c00000| Untracked 
| 130|0x00000006a6000000, 0x00000006a6000000, 0x00000006a6400000|  0%| F|  |TAMS 0x00000006a6000000, 0x00000006a6000000| Untracked 
| 131|0x00000006a6400000, 0x00000006a6400000, 0x00000006a6800000|  0%| F|  |TAMS 0x00000006a6400000, 0x00000006a6400000| Untracked 
| 132|0x00000006a6800000, 0x00000006a6800000, 0x00000006a6c00000|  0%| F|  |TAMS 0x00000006a6800000, 0x00000006a6800000| Untracked 
| 133|0x00000006a6c00000, 0x00000006a6c00000, 0x00000006a7000000|  0%| F|  |TAMS 0x00000006a6c00000, 0x00000006a6c00000| Untracked 
| 134|0x00000006a7000000, 0x00000006a7000000, 0x00000006a7400000|  0%| F|  |TAMS 0x00000006a7000000, 0x00000006a7000000| Untracked 
| 135|0x00000006a7400000, 0x00000006a7400000, 0x00000006a7800000|  0%| F|  |TAMS 0x00000006a7400000, 0x00000006a7400000| Untracked 
| 136|0x00000006a7800000, 0x00000006a7800000, 0x00000006a7c00000|  0%| F|  |TAMS 0x00000006a7800000, 0x00000006a7800000| Untracked 
| 137|0x00000006a7c00000, 0x00000006a7c00000, 0x00000006a8000000|  0%| F|  |TAMS 0x00000006a7c00000, 0x00000006a7c00000| Untracked 
| 138|0x00000006a8000000, 0x00000006a8000000, 0x00000006a8400000|  0%| F|  |TAMS 0x00000006a8000000, 0x00000006a8000000| Untracked 
| 139|0x00000006a8400000, 0x00000006a8400000, 0x00000006a8800000|  0%| F|  |TAMS 0x00000006a8400000, 0x00000006a8400000| Untracked 
| 140|0x00000006a8800000, 0x00000006a8800000, 0x00000006a8c00000|  0%| F|  |TAMS 0x00000006a8800000, 0x00000006a8800000| Untracked 
| 141|0x00000006a8c00000, 0x00000006a8c00000, 0x00000006a9000000|  0%| F|  |TAMS 0x00000006a8c00000, 0x00000006a8c00000| Untracked 
| 142|0x00000006a9000000, 0x00000006a9000000, 0x00000006a9400000|  0%| F|  |TAMS 0x00000006a9000000, 0x00000006a9000000| Untracked 
| 143|0x00000006a9400000, 0x00000006a9400000, 0x00000006a9800000|  0%| F|  |TAMS 0x00000006a9400000, 0x00000006a9400000| Untracked 
| 144|0x00000006a9800000, 0x00000006a9800000, 0x00000006a9c00000|  0%| F|  |TAMS 0x00000006a9800000, 0x00000006a9800000| Untracked 
| 145|0x00000006a9c00000, 0x00000006a9c00000, 0x00000006aa000000|  0%| F|  |TAMS 0x00000006a9c00000, 0x00000006a9c00000| Untracked 
| 146|0x00000006aa000000, 0x00000006aa000000, 0x00000006aa400000|  0%| F|  |TAMS 0x00000006aa000000, 0x00000006aa000000| Untracked 
| 147|0x00000006aa400000, 0x00000006aa400000, 0x00000006aa800000|  0%| F|  |TAMS 0x00000006aa400000, 0x00000006aa400000| Untracked 
| 148|0x00000006aa800000, 0x00000006aa800000, 0x00000006aac00000|  0%| F|  |TAMS 0x00000006aa800000, 0x00000006aa800000| Untracked 
| 149|0x00000006aac00000, 0x00000006aac00000, 0x00000006ab000000|  0%| F|  |TAMS 0x00000006aac00000, 0x00000006aac00000| Untracked 
| 150|0x00000006ab000000, 0x00000006ab000000, 0x00000006ab400000|  0%| F|  |TAMS 0x00000006ab000000, 0x00000006ab000000| Untracked 
| 151|0x00000006ab400000, 0x00000006ab400000, 0x00000006ab800000|  0%| F|  |TAMS 0x00000006ab400000, 0x00000006ab400000| Untracked 
| 152|0x00000006ab800000, 0x00000006ab800000, 0x00000006abc00000|  0%| F|  |TAMS 0x00000006ab800000, 0x00000006ab800000| Untracked 
| 153|0x00000006abc00000, 0x00000006abc00000, 0x00000006ac000000|  0%| F|  |TAMS 0x00000006abc00000, 0x00000006abc00000| Untracked 
| 154|0x00000006ac000000, 0x00000006ac000000, 0x00000006ac400000|  0%| F|  |TAMS 0x00000006ac000000, 0x00000006ac000000| Untracked 
| 155|0x00000006ac400000, 0x00000006ac400000, 0x00000006ac800000|  0%| F|  |TAMS 0x00000006ac400000, 0x00000006ac400000| Untracked 
| 156|0x00000006ac800000, 0x00000006ac800000, 0x00000006acc00000|  0%| F|  |TAMS 0x00000006ac800000, 0x00000006ac800000| Untracked 
| 157|0x00000006acc00000, 0x00000006acc00000, 0x00000006ad000000|  0%| F|  |TAMS 0x00000006acc00000, 0x00000006acc00000| Untracked 
| 158|0x00000006ad000000, 0x00000006ad000000, 0x00000006ad400000|  0%| F|  |TAMS 0x00000006ad000000, 0x00000006ad000000| Untracked 
| 159|0x00000006ad400000, 0x00000006ad400000, 0x00000006ad800000|  0%| F|  |TAMS 0x00000006ad400000, 0x00000006ad400000| Untracked 
| 160|0x00000006ad800000, 0x00000006ad800000, 0x00000006adc00000|  0%| F|  |TAMS 0x00000006ad800000, 0x00000006ad800000| Untracked 
| 161|0x00000006adc00000, 0x00000006adc00000, 0x00000006ae000000|  0%| F|  |TAMS 0x00000006adc00000, 0x00000006adc00000| Untracked 
| 162|0x00000006ae000000, 0x00000006ae000000, 0x00000006ae400000|  0%| F|  |TAMS 0x00000006ae000000, 0x00000006ae000000| Untracked 
| 163|0x00000006ae400000, 0x00000006ae400000, 0x00000006ae800000|  0%| F|  |TAMS 0x00000006ae400000, 0x00000006ae400000| Untracked 
| 164|0x00000006ae800000, 0x00000006ae800000, 0x00000006aec00000|  0%| F|  |TAMS 0x00000006ae800000, 0x00000006ae800000| Untracked 
| 165|0x00000006aec00000, 0x00000006aec00000, 0x00000006af000000|  0%| F|  |TAMS 0x00000006aec00000, 0x00000006aec00000| Untracked 
| 166|0x00000006af000000, 0x00000006af000000, 0x00000006af400000|  0%| F|  |TAMS 0x00000006af000000, 0x00000006af000000| Untracked 
| 167|0x00000006af400000, 0x00000006af400000, 0x00000006af800000|  0%| F|  |TAMS 0x00000006af400000, 0x00000006af400000| Untracked 
| 168|0x00000006af800000, 0x00000006af800000, 0x00000006afc00000|  0%| F|  |TAMS 0x00000006af800000, 0x00000006af800000| Untracked 
| 169|0x00000006afc00000, 0x00000006afc00000, 0x00000006b0000000|  0%| F|  |TAMS 0x00000006afc00000, 0x00000006afc00000| Untracked 
| 170|0x00000006b0000000, 0x00000006b0000000, 0x00000006b0400000|  0%| F|  |TAMS 0x00000006b0000000, 0x00000006b0000000| Untracked 
| 171|0x00000006b0400000, 0x00000006b0400000, 0x00000006b0800000|  0%| F|  |TAMS 0x00000006b0400000, 0x00000006b0400000| Untracked 
| 172|0x00000006b0800000, 0x00000006b0800000, 0x00000006b0c00000|  0%| F|  |TAMS 0x00000006b0800000, 0x00000006b0800000| Untracked 
| 173|0x00000006b0c00000, 0x00000006b0c00000, 0x00000006b1000000|  0%| F|  |TAMS 0x00000006b0c00000, 0x00000006b0c00000| Untracked 
| 174|0x00000006b1000000, 0x00000006b1000000, 0x00000006b1400000|  0%| F|  |TAMS 0x00000006b1000000, 0x00000006b1000000| Untracked 
| 175|0x00000006b1400000, 0x00000006b1400000, 0x00000006b1800000|  0%| F|  |TAMS 0x00000006b1400000, 0x00000006b1400000| Untracked 
| 176|0x00000006b1800000, 0x00000006b1800000, 0x00000006b1c00000|  0%| F|  |TAMS 0x00000006b1800000, 0x00000006b1800000| Untracked 
| 177|0x00000006b1c00000, 0x00000006b1c00000, 0x00000006b2000000|  0%| F|  |TAMS 0x00000006b1c00000, 0x00000006b1c00000| Untracked 
| 178|0x00000006b2000000, 0x00000006b2000000, 0x00000006b2400000|  0%| F|  |TAMS 0x00000006b2000000, 0x00000006b2000000| Untracked 
| 179|0x00000006b2400000, 0x00000006b2400000, 0x00000006b2800000|  0%| F|  |TAMS 0x00000006b2400000, 0x00000006b2400000| Untracked 
| 180|0x00000006b2800000, 0x00000006b2800000, 0x00000006b2c00000|  0%| F|  |TAMS 0x00000006b2800000, 0x00000006b2800000| Untracked 
| 181|0x00000006b2c00000, 0x00000006b2c00000, 0x00000006b3000000|  0%| F|  |TAMS 0x00000006b2c00000, 0x00000006b2c00000| Untracked 
| 182|0x00000006b3000000, 0x00000006b3000000, 0x00000006b3400000|  0%| F|  |TAMS 0x00000006b3000000, 0x00000006b3000000| Untracked 
| 183|0x00000006b3400000, 0x00000006b3400000, 0x00000006b3800000|  0%| F|  |TAMS 0x00000006b3400000, 0x00000006b3400000| Untracked 
| 184|0x00000006b3800000, 0x00000006b3800000, 0x00000006b3c00000|  0%| F|  |TAMS 0x00000006b3800000, 0x00000006b3800000| Untracked 
| 185|0x00000006b3c00000, 0x00000006b3c00000, 0x00000006b4000000|  0%| F|  |TAMS 0x00000006b3c00000, 0x00000006b3c00000| Untracked 
| 186|0x00000006b4000000, 0x00000006b4000000, 0x00000006b4400000|  0%| F|  |TAMS 0x00000006b4000000, 0x00000006b4000000| Untracked 
| 187|0x00000006b4400000, 0x00000006b4400000, 0x00000006b4800000|  0%| F|  |TAMS 0x00000006b4400000, 0x00000006b4400000| Untracked 
| 188|0x00000006b4800000, 0x00000006b4800000, 0x00000006b4c00000|  0%| F|  |TAMS 0x00000006b4800000, 0x00000006b4800000| Untracked 
| 189|0x00000006b4c00000, 0x00000006b4c00000, 0x00000006b5000000|  0%| F|  |TAMS 0x00000006b4c00000, 0x00000006b4c00000| Untracked 
| 190|0x00000006b5000000, 0x00000006b5000000, 0x00000006b5400000|  0%| F|  |TAMS 0x00000006b5000000, 0x00000006b5000000| Untracked 
| 191|0x00000006b5400000, 0x00000006b5400000, 0x00000006b5800000|  0%| F|  |TAMS 0x00000006b5400000, 0x00000006b5400000| Untracked 
| 192|0x00000006b5800000, 0x00000006b5800000, 0x00000006b5c00000|  0%| F|  |TAMS 0x00000006b5800000, 0x00000006b5800000| Untracked 
| 193|0x00000006b5c00000, 0x00000006b5c00000, 0x00000006b6000000|  0%| F|  |TAMS 0x00000006b5c00000, 0x00000006b5c00000| Untracked 
| 194|0x00000006b6000000, 0x00000006b6000000, 0x00000006b6400000|  0%| F|  |TAMS 0x00000006b6000000, 0x00000006b6000000| Untracked 
| 195|0x00000006b6400000, 0x00000006b6400000, 0x00000006b6800000|  0%| F|  |TAMS 0x00000006b6400000, 0x00000006b6400000| Untracked 
| 196|0x00000006b6800000, 0x00000006b6800000, 0x00000006b6c00000|  0%| F|  |TAMS 0x00000006b6800000, 0x00000006b6800000| Untracked 
| 197|0x00000006b6c00000, 0x00000006b6c00000, 0x00000006b7000000|  0%| F|  |TAMS 0x00000006b6c00000, 0x00000006b6c00000| Untracked 
| 198|0x00000006b7000000, 0x00000006b7000000, 0x00000006b7400000|  0%| F|  |TAMS 0x00000006b7000000, 0x00000006b7000000| Untracked 
| 199|0x00000006b7400000, 0x00000006b7400000, 0x00000006b7800000|  0%| F|  |TAMS 0x00000006b7400000, 0x00000006b7400000| Untracked 
| 200|0x00000006b7800000, 0x00000006b7800000, 0x00000006b7c00000|  0%| F|  |TAMS 0x00000006b7800000, 0x00000006b7800000| Untracked 
| 201|0x00000006b7c00000, 0x00000006b7c00000, 0x00000006b8000000|  0%| F|  |TAMS 0x00000006b7c00000, 0x00000006b7c00000| Untracked 
| 202|0x00000006b8000000, 0x00000006b8000000, 0x00000006b8400000|  0%| F|  |TAMS 0x00000006b8000000, 0x00000006b8000000| Untracked 
| 203|0x00000006b8400000, 0x00000006b8400000, 0x00000006b8800000|  0%| F|  |TAMS 0x00000006b8400000, 0x00000006b8400000| Untracked 
| 204|0x00000006b8800000, 0x00000006b8800000, 0x00000006b8c00000|  0%| F|  |TAMS 0x00000006b8800000, 0x00000006b8800000| Untracked 
| 205|0x00000006b8c00000, 0x00000006b8c00000, 0x00000006b9000000|  0%| F|  |TAMS 0x00000006b8c00000, 0x00000006b8c00000| Untracked 
| 206|0x00000006b9000000, 0x00000006b9000000, 0x00000006b9400000|  0%| F|  |TAMS 0x00000006b9000000, 0x00000006b9000000| Untracked 
| 207|0x00000006b9400000, 0x00000006b9400000, 0x00000006b9800000|  0%| F|  |TAMS 0x00000006b9400000, 0x00000006b9400000| Untracked 
| 208|0x00000006b9800000, 0x00000006b9800000, 0x00000006b9c00000|  0%| F|  |TAMS 0x00000006b9800000, 0x00000006b9800000| Untracked 
| 209|0x00000006b9c00000, 0x00000006b9c00000, 0x00000006ba000000|  0%| F|  |TAMS 0x00000006b9c00000, 0x00000006b9c00000| Untracked 
| 210|0x00000006ba000000, 0x00000006ba000000, 0x00000006ba400000|  0%| F|  |TAMS 0x00000006ba000000, 0x00000006ba000000| Untracked 
| 211|0x00000006ba400000, 0x00000006ba400000, 0x00000006ba800000|  0%| F|  |TAMS 0x00000006ba400000, 0x00000006ba400000| Untracked 
| 212|0x00000006ba800000, 0x00000006ba800000, 0x00000006bac00000|  0%| F|  |TAMS 0x00000006ba800000, 0x00000006ba800000| Untracked 
| 213|0x00000006bac00000, 0x00000006bac00000, 0x00000006bb000000|  0%| F|  |TAMS 0x00000006bac00000, 0x00000006bac00000| Untracked 
| 214|0x00000006bb000000, 0x00000006bb000000, 0x00000006bb400000|  0%| F|  |TAMS 0x00000006bb000000, 0x00000006bb000000| Untracked 
| 215|0x00000006bb400000, 0x00000006bb400000, 0x00000006bb800000|  0%| F|  |TAMS 0x00000006bb400000, 0x00000006bb400000| Untracked 
| 216|0x00000006bb800000, 0x00000006bb800000, 0x00000006bbc00000|  0%| F|  |TAMS 0x00000006bb800000, 0x00000006bb800000| Untracked 
| 217|0x00000006bbc00000, 0x00000006bbc00000, 0x00000006bc000000|  0%| F|  |TAMS 0x00000006bbc00000, 0x00000006bbc00000| Untracked 
| 218|0x00000006bc000000, 0x00000006bc000000, 0x00000006bc400000|  0%| F|  |TAMS 0x00000006bc000000, 0x00000006bc000000| Untracked 
| 219|0x00000006bc400000, 0x00000006bc400000, 0x00000006bc800000|  0%| F|  |TAMS 0x00000006bc400000, 0x00000006bc400000| Untracked 
| 220|0x00000006bc800000, 0x00000006bc800000, 0x00000006bcc00000|  0%| F|  |TAMS 0x00000006bc800000, 0x00000006bc800000| Untracked 
| 221|0x00000006bcc00000, 0x00000006bcc00000, 0x00000006bd000000|  0%| F|  |TAMS 0x00000006bcc00000, 0x00000006bcc00000| Untracked 
| 222|0x00000006bd000000, 0x00000006bd000000, 0x00000006bd400000|  0%| F|  |TAMS 0x00000006bd000000, 0x00000006bd000000| Untracked 
| 223|0x00000006bd400000, 0x00000006bd400000, 0x00000006bd800000|  0%| F|  |TAMS 0x00000006bd400000, 0x00000006bd400000| Untracked 
| 224|0x00000006bd800000, 0x00000006bd800000, 0x00000006bdc00000|  0%| F|  |TAMS 0x00000006bd800000, 0x00000006bd800000| Untracked 
| 225|0x00000006bdc00000, 0x00000006bdc00000, 0x00000006be000000|  0%| F|  |TAMS 0x00000006bdc00000, 0x00000006bdc00000| Untracked 
| 226|0x00000006be000000, 0x00000006be000000, 0x00000006be400000|  0%| F|  |TAMS 0x00000006be000000, 0x00000006be000000| Untracked 
| 227|0x00000006be400000, 0x00000006be400000, 0x00000006be800000|  0%| F|  |TAMS 0x00000006be400000, 0x00000006be400000| Untracked 
| 228|0x00000006be800000, 0x00000006be800000, 0x00000006bec00000|  0%| F|  |TAMS 0x00000006be800000, 0x00000006be800000| Untracked 
| 229|0x00000006bec00000, 0x00000006bec00000, 0x00000006bf000000|  0%| F|  |TAMS 0x00000006bec00000, 0x00000006bec00000| Untracked 
| 230|0x00000006bf000000, 0x00000006bf000000, 0x00000006bf400000|  0%| F|  |TAMS 0x00000006bf000000, 0x00000006bf000000| Untracked 
| 231|0x00000006bf400000, 0x00000006bf400000, 0x00000006bf800000|  0%| F|  |TAMS 0x00000006bf400000, 0x00000006bf400000| Untracked 
| 232|0x00000006bf800000, 0x00000006bf800000, 0x00000006bfc00000|  0%| F|  |TAMS 0x00000006bf800000, 0x00000006bf800000| Untracked 
| 233|0x00000006bfc00000, 0x00000006bfc00000, 0x00000006c0000000|  0%| F|  |TAMS 0x00000006bfc00000, 0x00000006bfc00000| Untracked 
| 234|0x00000006c0000000, 0x00000006c0000000, 0x00000006c0400000|  0%| F|  |TAMS 0x00000006c0000000, 0x00000006c0000000| Untracked 
| 235|0x00000006c0400000, 0x00000006c0400000, 0x00000006c0800000|  0%| F|  |TAMS 0x00000006c0400000, 0x00000006c0400000| Untracked 
| 236|0x00000006c0800000, 0x00000006c0800000, 0x00000006c0c00000|  0%| F|  |TAMS 0x00000006c0800000, 0x00000006c0800000| Untracked 
| 237|0x00000006c0c00000, 0x00000006c0c00000, 0x00000006c1000000|  0%| F|  |TAMS 0x00000006c0c00000, 0x00000006c0c00000| Untracked 
| 238|0x00000006c1000000, 0x00000006c1000000, 0x00000006c1400000|  0%| F|  |TAMS 0x00000006c1000000, 0x00000006c1000000| Untracked 
| 239|0x00000006c1400000, 0x00000006c1400000, 0x00000006c1800000|  0%| F|  |TAMS 0x00000006c1400000, 0x00000006c1400000| Untracked 
| 240|0x00000006c1800000, 0x00000006c1800000, 0x00000006c1c00000|  0%| F|  |TAMS 0x00000006c1800000, 0x00000006c1800000| Untracked 
| 241|0x00000006c1c00000, 0x00000006c1c00000, 0x00000006c2000000|  0%| F|  |TAMS 0x00000006c1c00000, 0x00000006c1c00000| Untracked 
| 242|0x00000006c2000000, 0x00000006c2000000, 0x00000006c2400000|  0%| F|  |TAMS 0x00000006c2000000, 0x00000006c2000000| Untracked 
| 243|0x00000006c2400000, 0x00000006c2400000, 0x00000006c2800000|  0%| F|  |TAMS 0x00000006c2400000, 0x00000006c2400000| Untracked 
| 244|0x00000006c2800000, 0x00000006c2800000, 0x00000006c2c00000|  0%| F|  |TAMS 0x00000006c2800000, 0x00000006c2800000| Untracked 
| 245|0x00000006c2c00000, 0x00000006c2c00000, 0x00000006c3000000|  0%| F|  |TAMS 0x00000006c2c00000, 0x00000006c2c00000| Untracked 
| 246|0x00000006c3000000, 0x00000006c3000000, 0x00000006c3400000|  0%| F|  |TAMS 0x00000006c3000000, 0x00000006c3000000| Untracked 
| 247|0x00000006c3400000, 0x00000006c3400000, 0x00000006c3800000|  0%| F|  |TAMS 0x00000006c3400000, 0x00000006c3400000| Untracked 
| 248|0x00000006c3800000, 0x00000006c3800000, 0x00000006c3c00000|  0%| F|  |TAMS 0x00000006c3800000, 0x00000006c3800000| Untracked 
| 249|0x00000006c3c00000, 0x00000006c3c00000, 0x00000006c4000000|  0%| F|  |TAMS 0x00000006c3c00000, 0x00000006c3c00000| Untracked 
| 250|0x00000006c4000000, 0x00000006c4000000, 0x00000006c4400000|  0%| F|  |TAMS 0x00000006c4000000, 0x00000006c4000000| Untracked 
| 251|0x00000006c4400000, 0x00000006c4400000, 0x00000006c4800000|  0%| F|  |TAMS 0x00000006c4400000, 0x00000006c4400000| Untracked 
| 252|0x00000006c4800000, 0x00000006c4800000, 0x00000006c4c00000|  0%| F|  |TAMS 0x00000006c4800000, 0x00000006c4800000| Untracked 
| 253|0x00000006c4c00000, 0x00000006c4c00000, 0x00000006c5000000|  0%| F|  |TAMS 0x00000006c4c00000, 0x00000006c4c00000| Untracked 
| 254|0x00000006c5000000, 0x00000006c5000000, 0x00000006c5400000|  0%| F|  |TAMS 0x00000006c5000000, 0x00000006c5000000| Untracked 
| 255|0x00000006c5400000, 0x00000006c5400000, 0x00000006c5800000|  0%| F|  |TAMS 0x00000006c5400000, 0x00000006c5400000| Untracked 
| 256|0x00000006c5800000, 0x00000006c5800000, 0x00000006c5c00000|  0%| F|  |TAMS 0x00000006c5800000, 0x00000006c5800000| Untracked 
| 257|0x00000006c5c00000, 0x00000006c5c00000, 0x00000006c6000000|  0%| F|  |TAMS 0x00000006c5c00000, 0x00000006c5c00000| Untracked 
| 258|0x00000006c6000000, 0x00000006c6000000, 0x00000006c6400000|  0%| F|  |TAMS 0x00000006c6000000, 0x00000006c6000000| Untracked 
| 259|0x00000006c6400000, 0x00000006c6400000, 0x00000006c6800000|  0%| F|  |TAMS 0x00000006c6400000, 0x00000006c6400000| Untracked 
| 260|0x00000006c6800000, 0x00000006c6800000, 0x00000006c6c00000|  0%| F|  |TAMS 0x00000006c6800000, 0x00000006c6800000| Untracked 
| 261|0x00000006c6c00000, 0x00000006c6c00000, 0x00000006c7000000|  0%| F|  |TAMS 0x00000006c6c00000, 0x00000006c6c00000| Untracked 
| 262|0x00000006c7000000, 0x00000006c7000000, 0x00000006c7400000|  0%| F|  |TAMS 0x00000006c7000000, 0x00000006c7000000| Untracked 
| 263|0x00000006c7400000, 0x00000006c7400000, 0x00000006c7800000|  0%| F|  |TAMS 0x00000006c7400000, 0x00000006c7400000| Untracked 
| 264|0x00000006c7800000, 0x00000006c7800000, 0x00000006c7c00000|  0%| F|  |TAMS 0x00000006c7800000, 0x00000006c7800000| Untracked 
| 265|0x00000006c7c00000, 0x00000006c7c00000, 0x00000006c8000000|  0%| F|  |TAMS 0x00000006c7c00000, 0x00000006c7c00000| Untracked 
| 266|0x00000006c8000000, 0x00000006c8000000, 0x00000006c8400000|  0%| F|  |TAMS 0x00000006c8000000, 0x00000006c8000000| Untracked 
| 267|0x00000006c8400000, 0x00000006c8400000, 0x00000006c8800000|  0%| F|  |TAMS 0x00000006c8400000, 0x00000006c8400000| Untracked 
| 268|0x00000006c8800000, 0x00000006c8800000, 0x00000006c8c00000|  0%| F|  |TAMS 0x00000006c8800000, 0x00000006c8800000| Untracked 
| 269|0x00000006c8c00000, 0x00000006c8c00000, 0x00000006c9000000|  0%| F|  |TAMS 0x00000006c8c00000, 0x00000006c8c00000| Untracked 
| 270|0x00000006c9000000, 0x00000006c9000000, 0x00000006c9400000|  0%| F|  |TAMS 0x00000006c9000000, 0x00000006c9000000| Untracked 
| 271|0x00000006c9400000, 0x00000006c9400000, 0x00000006c9800000|  0%| F|  |TAMS 0x00000006c9400000, 0x00000006c9400000| Untracked 
| 272|0x00000006c9800000, 0x00000006c9800000, 0x00000006c9c00000|  0%| F|  |TAMS 0x00000006c9800000, 0x00000006c9800000| Untracked 
| 273|0x00000006c9c00000, 0x00000006c9c00000, 0x00000006ca000000|  0%| F|  |TAMS 0x00000006c9c00000, 0x00000006c9c00000| Untracked 
| 274|0x00000006ca000000, 0x00000006ca000000, 0x00000006ca400000|  0%| F|  |TAMS 0x00000006ca000000, 0x00000006ca000000| Untracked 
| 275|0x00000006ca400000, 0x00000006ca400000, 0x00000006ca800000|  0%| F|  |TAMS 0x00000006ca400000, 0x00000006ca400000| Untracked 
| 276|0x00000006ca800000, 0x00000006ca800000, 0x00000006cac00000|  0%| F|  |TAMS 0x00000006ca800000, 0x00000006ca800000| Untracked 
| 277|0x00000006cac00000, 0x00000006cac00000, 0x00000006cb000000|  0%| F|  |TAMS 0x00000006cac00000, 0x00000006cac00000| Untracked 
| 278|0x00000006cb000000, 0x00000006cb000000, 0x00000006cb400000|  0%| F|  |TAMS 0x00000006cb000000, 0x00000006cb000000| Untracked 
| 279|0x00000006cb400000, 0x00000006cb400000, 0x00000006cb800000|  0%| F|  |TAMS 0x00000006cb400000, 0x00000006cb400000| Untracked 
| 280|0x00000006cb800000, 0x00000006cb800000, 0x00000006cbc00000|  0%| F|  |TAMS 0x00000006cb800000, 0x00000006cb800000| Untracked 
| 281|0x00000006cbc00000, 0x00000006cbc00000, 0x00000006cc000000|  0%| F|  |TAMS 0x00000006cbc00000, 0x00000006cbc00000| Untracked 
| 282|0x00000006cc000000, 0x00000006cc000000, 0x00000006cc400000|  0%| F|  |TAMS 0x00000006cc000000, 0x00000006cc000000| Untracked 
| 283|0x00000006cc400000, 0x00000006cc400000, 0x00000006cc800000|  0%| F|  |TAMS 0x00000006cc400000, 0x00000006cc400000| Untracked 
| 284|0x00000006cc800000, 0x00000006cc800000, 0x00000006ccc00000|  0%| F|  |TAMS 0x00000006cc800000, 0x00000006cc800000| Untracked 
| 285|0x00000006ccc00000, 0x00000006ccc00000, 0x00000006cd000000|  0%| F|  |TAMS 0x00000006ccc00000, 0x00000006ccc00000| Untracked 
| 286|0x00000006cd000000, 0x00000006cd000000, 0x00000006cd400000|  0%| F|  |TAMS 0x00000006cd000000, 0x00000006cd000000| Untracked 
| 287|0x00000006cd400000, 0x00000006cd400000, 0x00000006cd800000|  0%| F|  |TAMS 0x00000006cd400000, 0x00000006cd400000| Untracked 
| 288|0x00000006cd800000, 0x00000006cd800000, 0x00000006cdc00000|  0%| F|  |TAMS 0x00000006cd800000, 0x00000006cd800000| Untracked 
| 289|0x00000006cdc00000, 0x00000006cdc00000, 0x00000006ce000000|  0%| F|  |TAMS 0x00000006cdc00000, 0x00000006cdc00000| Untracked 
| 290|0x00000006ce000000, 0x00000006ce000000, 0x00000006ce400000|  0%| F|  |TAMS 0x00000006ce000000, 0x00000006ce000000| Untracked 
| 291|0x00000006ce400000, 0x00000006ce400000, 0x00000006ce800000|  0%| F|  |TAMS 0x00000006ce400000, 0x00000006ce400000| Untracked 
| 292|0x00000006ce800000, 0x00000006ce800000, 0x00000006cec00000|  0%| F|  |TAMS 0x00000006ce800000, 0x00000006ce800000| Untracked 
| 293|0x00000006cec00000, 0x00000006cec00000, 0x00000006cf000000|  0%| F|  |TAMS 0x00000006cec00000, 0x00000006cec00000| Untracked 
| 294|0x00000006cf000000, 0x00000006cf000000, 0x00000006cf400000|  0%| F|  |TAMS 0x00000006cf000000, 0x00000006cf000000| Untracked 
| 295|0x00000006cf400000, 0x00000006cf400000, 0x00000006cf800000|  0%| F|  |TAMS 0x00000006cf400000, 0x00000006cf400000| Untracked 
| 296|0x00000006cf800000, 0x00000006cf800000, 0x00000006cfc00000|  0%| F|  |TAMS 0x00000006cf800000, 0x00000006cf800000| Untracked 
| 297|0x00000006cfc00000, 0x00000006cfc00000, 0x00000006d0000000|  0%| F|  |TAMS 0x00000006cfc00000, 0x00000006cfc00000| Untracked 
| 298|0x00000006d0000000, 0x00000006d0000000, 0x00000006d0400000|  0%| F|  |TAMS 0x00000006d0000000, 0x00000006d0000000| Untracked 
| 299|0x00000006d0400000, 0x00000006d0400000, 0x00000006d0800000|  0%| F|  |TAMS 0x00000006d0400000, 0x00000006d0400000| Untracked 
| 300|0x00000006d0800000, 0x00000006d0800000, 0x00000006d0c00000|  0%| F|  |TAMS 0x00000006d0800000, 0x00000006d0800000| Untracked 
| 301|0x00000006d0c00000, 0x00000006d0c00000, 0x00000006d1000000|  0%| F|  |TAMS 0x00000006d0c00000, 0x00000006d0c00000| Untracked 
| 302|0x00000006d1000000, 0x00000006d1000000, 0x00000006d1400000|  0%| F|  |TAMS 0x00000006d1000000, 0x00000006d1000000| Untracked 
| 303|0x00000006d1400000, 0x00000006d1400000, 0x00000006d1800000|  0%| F|  |TAMS 0x00000006d1400000, 0x00000006d1400000| Untracked 
| 304|0x00000006d1800000, 0x00000006d1800000, 0x00000006d1c00000|  0%| F|  |TAMS 0x00000006d1800000, 0x00000006d1800000| Untracked 
| 305|0x00000006d1c00000, 0x00000006d1c00000, 0x00000006d2000000|  0%| F|  |TAMS 0x00000006d1c00000, 0x00000006d1c00000| Untracked 
| 306|0x00000006d2000000, 0x00000006d2000000, 0x00000006d2400000|  0%| F|  |TAMS 0x00000006d2000000, 0x00000006d2000000| Untracked 
| 307|0x00000006d2400000, 0x00000006d2400000, 0x00000006d2800000|  0%| F|  |TAMS 0x00000006d2400000, 0x00000006d2400000| Untracked 
| 308|0x00000006d2800000, 0x00000006d2800000, 0x00000006d2c00000|  0%| F|  |TAMS 0x00000006d2800000, 0x00000006d2800000| Untracked 
| 309|0x00000006d2c00000, 0x00000006d2c00000, 0x00000006d3000000|  0%| F|  |TAMS 0x00000006d2c00000, 0x00000006d2c00000| Untracked 
| 310|0x00000006d3000000, 0x00000006d3000000, 0x00000006d3400000|  0%| F|  |TAMS 0x00000006d3000000, 0x00000006d3000000| Untracked 
| 311|0x00000006d3400000, 0x00000006d3400000, 0x00000006d3800000|  0%| F|  |TAMS 0x00000006d3400000, 0x00000006d3400000| Untracked 
| 312|0x00000006d3800000, 0x00000006d3800000, 0x00000006d3c00000|  0%| F|  |TAMS 0x00000006d3800000, 0x00000006d3800000| Untracked 
| 313|0x00000006d3c00000, 0x00000006d3c00000, 0x00000006d4000000|  0%| F|  |TAMS 0x00000006d3c00000, 0x00000006d3c00000| Untracked 
| 314|0x00000006d4000000, 0x00000006d4000000, 0x00000006d4400000|  0%| F|  |TAMS 0x00000006d4000000, 0x00000006d4000000| Untracked 
| 315|0x00000006d4400000, 0x00000006d4400000, 0x00000006d4800000|  0%| F|  |TAMS 0x00000006d4400000, 0x00000006d4400000| Untracked 
| 316|0x00000006d4800000, 0x00000006d4800000, 0x00000006d4c00000|  0%| F|  |TAMS 0x00000006d4800000, 0x00000006d4800000| Untracked 
| 317|0x00000006d4c00000, 0x00000006d4c00000, 0x00000006d5000000|  0%| F|  |TAMS 0x00000006d4c00000, 0x00000006d4c00000| Untracked 
| 318|0x00000006d5000000, 0x00000006d5000000, 0x00000006d5400000|  0%| F|  |TAMS 0x00000006d5000000, 0x00000006d5000000| Untracked 
| 319|0x00000006d5400000, 0x00000006d5400000, 0x00000006d5800000|  0%| F|  |TAMS 0x00000006d5400000, 0x00000006d5400000| Untracked 
| 320|0x00000006d5800000, 0x00000006d5800000, 0x00000006d5c00000|  0%| F|  |TAMS 0x00000006d5800000, 0x00000006d5800000| Untracked 
| 321|0x00000006d5c00000, 0x00000006d5c00000, 0x00000006d6000000|  0%| F|  |TAMS 0x00000006d5c00000, 0x00000006d5c00000| Untracked 
| 322|0x00000006d6000000, 0x00000006d6000000, 0x00000006d6400000|  0%| F|  |TAMS 0x00000006d6000000, 0x00000006d6000000| Untracked 
| 323|0x00000006d6400000, 0x00000006d6400000, 0x00000006d6800000|  0%| F|  |TAMS 0x00000006d6400000, 0x00000006d6400000| Untracked 
| 324|0x00000006d6800000, 0x00000006d6800000, 0x00000006d6c00000|  0%| F|  |TAMS 0x00000006d6800000, 0x00000006d6800000| Untracked 
| 325|0x00000006d6c00000, 0x00000006d6c00000, 0x00000006d7000000|  0%| F|  |TAMS 0x00000006d6c00000, 0x00000006d6c00000| Untracked 
| 326|0x00000006d7000000, 0x00000006d7000000, 0x00000006d7400000|  0%| F|  |TAMS 0x00000006d7000000, 0x00000006d7000000| Untracked 
| 327|0x00000006d7400000, 0x00000006d7400000, 0x00000006d7800000|  0%| F|  |TAMS 0x00000006d7400000, 0x00000006d7400000| Untracked 
| 328|0x00000006d7800000, 0x00000006d7800000, 0x00000006d7c00000|  0%| F|  |TAMS 0x00000006d7800000, 0x00000006d7800000| Untracked 
| 329|0x00000006d7c00000, 0x00000006d7c00000, 0x00000006d8000000|  0%| F|  |TAMS 0x00000006d7c00000, 0x00000006d7c00000| Untracked 
| 330|0x00000006d8000000, 0x00000006d8000000, 0x00000006d8400000|  0%| F|  |TAMS 0x00000006d8000000, 0x00000006d8000000| Untracked 
| 331|0x00000006d8400000, 0x00000006d8400000, 0x00000006d8800000|  0%| F|  |TAMS 0x00000006d8400000, 0x00000006d8400000| Untracked 
| 332|0x00000006d8800000, 0x00000006d8800000, 0x00000006d8c00000|  0%| F|  |TAMS 0x00000006d8800000, 0x00000006d8800000| Untracked 
| 333|0x00000006d8c00000, 0x00000006d8c00000, 0x00000006d9000000|  0%| F|  |TAMS 0x00000006d8c00000, 0x00000006d8c00000| Untracked 
| 334|0x00000006d9000000, 0x00000006d9000000, 0x00000006d9400000|  0%| F|  |TAMS 0x00000006d9000000, 0x00000006d9000000| Untracked 
| 335|0x00000006d9400000, 0x00000006d9400000, 0x00000006d9800000|  0%| F|  |TAMS 0x00000006d9400000, 0x00000006d9400000| Untracked 
| 336|0x00000006d9800000, 0x00000006d9800000, 0x00000006d9c00000|  0%| F|  |TAMS 0x00000006d9800000, 0x00000006d9800000| Untracked 
| 337|0x00000006d9c00000, 0x00000006d9c00000, 0x00000006da000000|  0%| F|  |TAMS 0x00000006d9c00000, 0x00000006d9c00000| Untracked 
| 338|0x00000006da000000, 0x00000006da000000, 0x00000006da400000|  0%| F|  |TAMS 0x00000006da000000, 0x00000006da000000| Untracked 
| 339|0x00000006da400000, 0x00000006da400000, 0x00000006da800000|  0%| F|  |TAMS 0x00000006da400000, 0x00000006da400000| Untracked 
| 340|0x00000006da800000, 0x00000006da800000, 0x00000006dac00000|  0%| F|  |TAMS 0x00000006da800000, 0x00000006da800000| Untracked 
| 341|0x00000006dac00000, 0x00000006dac00000, 0x00000006db000000|  0%| F|  |TAMS 0x00000006dac00000, 0x00000006dac00000| Untracked 
| 342|0x00000006db000000, 0x00000006db000000, 0x00000006db400000|  0%| F|  |TAMS 0x00000006db000000, 0x00000006db000000| Untracked 
| 343|0x00000006db400000, 0x00000006db400000, 0x00000006db800000|  0%| F|  |TAMS 0x00000006db400000, 0x00000006db400000| Untracked 
| 344|0x00000006db800000, 0x00000006db800000, 0x00000006dbc00000|  0%| F|  |TAMS 0x00000006db800000, 0x00000006db800000| Untracked 
| 345|0x00000006dbc00000, 0x00000006dbc00000, 0x00000006dc000000|  0%| F|  |TAMS 0x00000006dbc00000, 0x00000006dbc00000| Untracked 
| 346|0x00000006dc000000, 0x00000006dc000000, 0x00000006dc400000|  0%| F|  |TAMS 0x00000006dc000000, 0x00000006dc000000| Untracked 
| 347|0x00000006dc400000, 0x00000006dc400000, 0x00000006dc800000|  0%| F|  |TAMS 0x00000006dc400000, 0x00000006dc400000| Untracked 
| 348|0x00000006dc800000, 0x00000006dc800000, 0x00000006dcc00000|  0%| F|  |TAMS 0x00000006dc800000, 0x00000006dc800000| Untracked 
| 349|0x00000006dcc00000, 0x00000006dcc00000, 0x00000006dd000000|  0%| F|  |TAMS 0x00000006dcc00000, 0x00000006dcc00000| Untracked 
| 350|0x00000006dd000000, 0x00000006dd000000, 0x00000006dd400000|  0%| F|  |TAMS 0x00000006dd000000, 0x00000006dd000000| Untracked 
| 351|0x00000006dd400000, 0x00000006dd400000, 0x00000006dd800000|  0%| F|  |TAMS 0x00000006dd400000, 0x00000006dd400000| Untracked 
| 352|0x00000006dd800000, 0x00000006dd800000, 0x00000006ddc00000|  0%| F|  |TAMS 0x00000006dd800000, 0x00000006dd800000| Untracked 
| 353|0x00000006ddc00000, 0x00000006ddc00000, 0x00000006de000000|  0%| F|  |TAMS 0x00000006ddc00000, 0x00000006ddc00000| Untracked 
| 354|0x00000006de000000, 0x00000006de000000, 0x00000006de400000|  0%| F|  |TAMS 0x00000006de000000, 0x00000006de000000| Untracked 
| 355|0x00000006de400000, 0x00000006de400000, 0x00000006de800000|  0%| F|  |TAMS 0x00000006de400000, 0x00000006de400000| Untracked 
| 356|0x00000006de800000, 0x00000006de800000, 0x00000006dec00000|  0%| F|  |TAMS 0x00000006de800000, 0x00000006de800000| Untracked 
| 357|0x00000006dec00000, 0x00000006dec00000, 0x00000006df000000|  0%| F|  |TAMS 0x00000006dec00000, 0x00000006dec00000| Untracked 
| 358|0x00000006df000000, 0x00000006df000000, 0x00000006df400000|  0%| F|  |TAMS 0x00000006df000000, 0x00000006df000000| Untracked 
| 359|0x00000006df400000, 0x00000006df400000, 0x00000006df800000|  0%| F|  |TAMS 0x00000006df400000, 0x00000006df400000| Untracked 
| 360|0x00000006df800000, 0x00000006df800000, 0x00000006dfc00000|  0%| F|  |TAMS 0x00000006df800000, 0x00000006df800000| Untracked 
| 361|0x00000006dfc00000, 0x00000006dfc00000, 0x00000006e0000000|  0%| F|  |TAMS 0x00000006dfc00000, 0x00000006dfc00000| Untracked 
| 362|0x00000006e0000000, 0x00000006e0000000, 0x00000006e0400000|  0%| F|  |TAMS 0x00000006e0000000, 0x00000006e0000000| Untracked 
| 363|0x00000006e0400000, 0x00000006e0400000, 0x00000006e0800000|  0%| F|  |TAMS 0x00000006e0400000, 0x00000006e0400000| Untracked 
| 364|0x00000006e0800000, 0x00000006e0800000, 0x00000006e0c00000|  0%| F|  |TAMS 0x00000006e0800000, 0x00000006e0800000| Untracked 
| 365|0x00000006e0c00000, 0x00000006e0c00000, 0x00000006e1000000|  0%| F|  |TAMS 0x00000006e0c00000, 0x00000006e0c00000| Untracked 
| 366|0x00000006e1000000, 0x00000006e1000000, 0x00000006e1400000|  0%| F|  |TAMS 0x00000006e1000000, 0x00000006e1000000| Untracked 
| 367|0x00000006e1400000, 0x00000006e1400000, 0x00000006e1800000|  0%| F|  |TAMS 0x00000006e1400000, 0x00000006e1400000| Untracked 
| 368|0x00000006e1800000, 0x00000006e1800000, 0x00000006e1c00000|  0%| F|  |TAMS 0x00000006e1800000, 0x00000006e1800000| Untracked 
| 369|0x00000006e1c00000, 0x00000006e1c00000, 0x00000006e2000000|  0%| F|  |TAMS 0x00000006e1c00000, 0x00000006e1c00000| Untracked 
| 370|0x00000006e2000000, 0x00000006e2000000, 0x00000006e2400000|  0%| F|  |TAMS 0x00000006e2000000, 0x00000006e2000000| Untracked 
| 371|0x00000006e2400000, 0x00000006e2400000, 0x00000006e2800000|  0%| F|  |TAMS 0x00000006e2400000, 0x00000006e2400000| Untracked 
| 372|0x00000006e2800000, 0x00000006e2800000, 0x00000006e2c00000|  0%| F|  |TAMS 0x00000006e2800000, 0x00000006e2800000| Untracked 
| 373|0x00000006e2c00000, 0x00000006e2c00000, 0x00000006e3000000|  0%| F|  |TAMS 0x00000006e2c00000, 0x00000006e2c00000| Untracked 
| 374|0x00000006e3000000, 0x00000006e3000000, 0x00000006e3400000|  0%| F|  |TAMS 0x00000006e3000000, 0x00000006e3000000| Untracked 
| 375|0x00000006e3400000, 0x00000006e3400000, 0x00000006e3800000|  0%| F|  |TAMS 0x00000006e3400000, 0x00000006e3400000| Untracked 
| 376|0x00000006e3800000, 0x00000006e3800000, 0x00000006e3c00000|  0%| F|  |TAMS 0x00000006e3800000, 0x00000006e3800000| Untracked 
| 377|0x00000006e3c00000, 0x00000006e3c00000, 0x00000006e4000000|  0%| F|  |TAMS 0x00000006e3c00000, 0x00000006e3c00000| Untracked 
| 378|0x00000006e4000000, 0x00000006e4000000, 0x00000006e4400000|  0%| F|  |TAMS 0x00000006e4000000, 0x00000006e4000000| Untracked 
| 379|0x00000006e4400000, 0x00000006e4400000, 0x00000006e4800000|  0%| F|  |TAMS 0x00000006e4400000, 0x00000006e4400000| Untracked 
| 380|0x00000006e4800000, 0x00000006e4800000, 0x00000006e4c00000|  0%| F|  |TAMS 0x00000006e4800000, 0x00000006e4800000| Untracked 
| 381|0x00000006e4c00000, 0x00000006e4c00000, 0x00000006e5000000|  0%| F|  |TAMS 0x00000006e4c00000, 0x00000006e4c00000| Untracked 
| 382|0x00000006e5000000, 0x00000006e5000000, 0x00000006e5400000|  0%| F|  |TAMS 0x00000006e5000000, 0x00000006e5000000| Untracked 
| 383|0x00000006e5400000, 0x00000006e5400000, 0x00000006e5800000|  0%| F|  |TAMS 0x00000006e5400000, 0x00000006e5400000| Untracked 
| 384|0x00000006e5800000, 0x00000006e5800000, 0x00000006e5c00000|  0%| F|  |TAMS 0x00000006e5800000, 0x00000006e5800000| Untracked 
| 385|0x00000006e5c00000, 0x00000006e5c00000, 0x00000006e6000000|  0%| F|  |TAMS 0x00000006e5c00000, 0x00000006e5c00000| Untracked 
| 386|0x00000006e6000000, 0x00000006e6000000, 0x00000006e6400000|  0%| F|  |TAMS 0x00000006e6000000, 0x00000006e6000000| Untracked 
| 387|0x00000006e6400000, 0x00000006e6400000, 0x00000006e6800000|  0%| F|  |TAMS 0x00000006e6400000, 0x00000006e6400000| Untracked 
| 388|0x00000006e6800000, 0x00000006e6800000, 0x00000006e6c00000|  0%| F|  |TAMS 0x00000006e6800000, 0x00000006e6800000| Untracked 
| 389|0x00000006e6c00000, 0x00000006e6c00000, 0x00000006e7000000|  0%| F|  |TAMS 0x00000006e6c00000, 0x00000006e6c00000| Untracked 
| 390|0x00000006e7000000, 0x00000006e7000000, 0x00000006e7400000|  0%| F|  |TAMS 0x00000006e7000000, 0x00000006e7000000| Untracked 
| 391|0x00000006e7400000, 0x00000006e7400000, 0x00000006e7800000|  0%| F|  |TAMS 0x00000006e7400000, 0x00000006e7400000| Untracked 
| 392|0x00000006e7800000, 0x00000006e7800000, 0x00000006e7c00000|  0%| F|  |TAMS 0x00000006e7800000, 0x00000006e7800000| Untracked 
| 393|0x00000006e7c00000, 0x00000006e7c00000, 0x00000006e8000000|  0%| F|  |TAMS 0x00000006e7c00000, 0x00000006e7c00000| Untracked 
| 394|0x00000006e8000000, 0x00000006e8000000, 0x00000006e8400000|  0%| F|  |TAMS 0x00000006e8000000, 0x00000006e8000000| Untracked 
| 395|0x00000006e8400000, 0x00000006e8400000, 0x00000006e8800000|  0%| F|  |TAMS 0x00000006e8400000, 0x00000006e8400000| Untracked 
| 396|0x00000006e8800000, 0x00000006e8800000, 0x00000006e8c00000|  0%| F|  |TAMS 0x00000006e8800000, 0x00000006e8800000| Untracked 
| 397|0x00000006e8c00000, 0x00000006e8c00000, 0x00000006e9000000|  0%| F|  |TAMS 0x00000006e8c00000, 0x00000006e8c00000| Untracked 
| 398|0x00000006e9000000, 0x00000006e9000000, 0x00000006e9400000|  0%| F|  |TAMS 0x00000006e9000000, 0x00000006e9000000| Untracked 
| 399|0x00000006e9400000, 0x00000006e9400000, 0x00000006e9800000|  0%| F|  |TAMS 0x00000006e9400000, 0x00000006e9400000| Untracked 
| 400|0x00000006e9800000, 0x00000006e9800000, 0x00000006e9c00000|  0%| F|  |TAMS 0x00000006e9800000, 0x00000006e9800000| Untracked 
| 401|0x00000006e9c00000, 0x00000006e9c00000, 0x00000006ea000000|  0%| F|  |TAMS 0x00000006e9c00000, 0x00000006e9c00000| Untracked 
| 402|0x00000006ea000000, 0x00000006ea000000, 0x00000006ea400000|  0%| F|  |TAMS 0x00000006ea000000, 0x00000006ea000000| Untracked 
| 403|0x00000006ea400000, 0x00000006ea400000, 0x00000006ea800000|  0%| F|  |TAMS 0x00000006ea400000, 0x00000006ea400000| Untracked 
| 404|0x00000006ea800000, 0x00000006ea800000, 0x00000006eac00000|  0%| F|  |TAMS 0x00000006ea800000, 0x00000006ea800000| Untracked 
| 405|0x00000006eac00000, 0x00000006eac00000, 0x00000006eb000000|  0%| F|  |TAMS 0x00000006eac00000, 0x00000006eac00000| Untracked 
| 406|0x00000006eb000000, 0x00000006eb000000, 0x00000006eb400000|  0%| F|  |TAMS 0x00000006eb000000, 0x00000006eb000000| Untracked 
| 407|0x00000006eb400000, 0x00000006eb400000, 0x00000006eb800000|  0%| F|  |TAMS 0x00000006eb400000, 0x00000006eb400000| Untracked 
| 408|0x00000006eb800000, 0x00000006eb800000, 0x00000006ebc00000|  0%| F|  |TAMS 0x00000006eb800000, 0x00000006eb800000| Untracked 
| 409|0x00000006ebc00000, 0x00000006ebc00000, 0x00000006ec000000|  0%| F|  |TAMS 0x00000006ebc00000, 0x00000006ebc00000| Untracked 
| 410|0x00000006ec000000, 0x00000006ec000000, 0x00000006ec400000|  0%| F|  |TAMS 0x00000006ec000000, 0x00000006ec000000| Untracked 
| 411|0x00000006ec400000, 0x00000006ec400000, 0x00000006ec800000|  0%| F|  |TAMS 0x00000006ec400000, 0x00000006ec400000| Untracked 
| 412|0x00000006ec800000, 0x00000006ec800000, 0x00000006ecc00000|  0%| F|  |TAMS 0x00000006ec800000, 0x00000006ec800000| Untracked 
| 413|0x00000006ecc00000, 0x00000006ecc00000, 0x00000006ed000000|  0%| F|  |TAMS 0x00000006ecc00000, 0x00000006ecc00000| Untracked 
| 414|0x00000006ed000000, 0x00000006ed000000, 0x00000006ed400000|  0%| F|  |TAMS 0x00000006ed000000, 0x00000006ed000000| Untracked 
| 415|0x00000006ed400000, 0x00000006ed400000, 0x00000006ed800000|  0%| F|  |TAMS 0x00000006ed400000, 0x00000006ed400000| Untracked 
| 416|0x00000006ed800000, 0x00000006ed800000, 0x00000006edc00000|  0%| F|  |TAMS 0x00000006ed800000, 0x00000006ed800000| Untracked 
| 417|0x00000006edc00000, 0x00000006edc00000, 0x00000006ee000000|  0%| F|  |TAMS 0x00000006edc00000, 0x00000006edc00000| Untracked 
| 418|0x00000006ee000000, 0x00000006ee000000, 0x00000006ee400000|  0%| F|  |TAMS 0x00000006ee000000, 0x00000006ee000000| Untracked 
| 419|0x00000006ee400000, 0x00000006ee400000, 0x00000006ee800000|  0%| F|  |TAMS 0x00000006ee400000, 0x00000006ee400000| Untracked 
| 420|0x00000006ee800000, 0x00000006ee800000, 0x00000006eec00000|  0%| F|  |TAMS 0x00000006ee800000, 0x00000006ee800000| Untracked 
| 421|0x00000006eec00000, 0x00000006eec00000, 0x00000006ef000000|  0%| F|  |TAMS 0x00000006eec00000, 0x00000006eec00000| Untracked 
| 422|0x00000006ef000000, 0x00000006ef000000, 0x00000006ef400000|  0%| F|  |TAMS 0x00000006ef000000, 0x00000006ef000000| Untracked 
| 423|0x00000006ef400000, 0x00000006ef400000, 0x00000006ef800000|  0%| F|  |TAMS 0x00000006ef400000, 0x00000006ef400000| Untracked 
| 424|0x00000006ef800000, 0x00000006ef800000, 0x00000006efc00000|  0%| F|  |TAMS 0x00000006ef800000, 0x00000006ef800000| Untracked 
| 425|0x00000006efc00000, 0x00000006efc00000, 0x00000006f0000000|  0%| F|  |TAMS 0x00000006efc00000, 0x00000006efc00000| Untracked 
| 426|0x00000006f0000000, 0x00000006f0000000, 0x00000006f0400000|  0%| F|  |TAMS 0x00000006f0000000, 0x00000006f0000000| Untracked 
| 427|0x00000006f0400000, 0x00000006f0400000, 0x00000006f0800000|  0%| F|  |TAMS 0x00000006f0400000, 0x00000006f0400000| Untracked 
| 428|0x00000006f0800000, 0x00000006f0800000, 0x00000006f0c00000|  0%| F|  |TAMS 0x00000006f0800000, 0x00000006f0800000| Untracked 
| 429|0x00000006f0c00000, 0x00000006f0c00000, 0x00000006f1000000|  0%| F|  |TAMS 0x00000006f0c00000, 0x00000006f0c00000| Untracked 
| 430|0x00000006f1000000, 0x00000006f1000000, 0x00000006f1400000|  0%| F|  |TAMS 0x00000006f1000000, 0x00000006f1000000| Untracked 
| 431|0x00000006f1400000, 0x00000006f1400000, 0x00000006f1800000|  0%| F|  |TAMS 0x00000006f1400000, 0x00000006f1400000| Untracked 
| 432|0x00000006f1800000, 0x00000006f1800000, 0x00000006f1c00000|  0%| F|  |TAMS 0x00000006f1800000, 0x00000006f1800000| Untracked 
| 433|0x00000006f1c00000, 0x00000006f1c00000, 0x00000006f2000000|  0%| F|  |TAMS 0x00000006f1c00000, 0x00000006f1c00000| Untracked 
| 434|0x00000006f2000000, 0x00000006f2000000, 0x00000006f2400000|  0%| F|  |TAMS 0x00000006f2000000, 0x00000006f2000000| Untracked 
| 435|0x00000006f2400000, 0x00000006f2400000, 0x00000006f2800000|  0%| F|  |TAMS 0x00000006f2400000, 0x00000006f2400000| Untracked 
| 436|0x00000006f2800000, 0x00000006f2800000, 0x00000006f2c00000|  0%| F|  |TAMS 0x00000006f2800000, 0x00000006f2800000| Untracked 
| 437|0x00000006f2c00000, 0x00000006f2c00000, 0x00000006f3000000|  0%| F|  |TAMS 0x00000006f2c00000, 0x00000006f2c00000| Untracked 
| 438|0x00000006f3000000, 0x00000006f3000000, 0x00000006f3400000|  0%| F|  |TAMS 0x00000006f3000000, 0x00000006f3000000| Untracked 
| 439|0x00000006f3400000, 0x00000006f3400000, 0x00000006f3800000|  0%| F|  |TAMS 0x00000006f3400000, 0x00000006f3400000| Untracked 
| 440|0x00000006f3800000, 0x00000006f3800000, 0x00000006f3c00000|  0%| F|  |TAMS 0x00000006f3800000, 0x00000006f3800000| Untracked 
| 441|0x00000006f3c00000, 0x00000006f3c00000, 0x00000006f4000000|  0%| F|  |TAMS 0x00000006f3c00000, 0x00000006f3c00000| Untracked 
| 442|0x00000006f4000000, 0x00000006f4000000, 0x00000006f4400000|  0%| F|  |TAMS 0x00000006f4000000, 0x00000006f4000000| Untracked 
| 443|0x00000006f4400000, 0x00000006f4400000, 0x00000006f4800000|  0%| F|  |TAMS 0x00000006f4400000, 0x00000006f4400000| Untracked 
| 444|0x00000006f4800000, 0x00000006f4800000, 0x00000006f4c00000|  0%| F|  |TAMS 0x00000006f4800000, 0x00000006f4800000| Untracked 
| 445|0x00000006f4c00000, 0x00000006f4c00000, 0x00000006f5000000|  0%| F|  |TAMS 0x00000006f4c00000, 0x00000006f4c00000| Untracked 
| 446|0x00000006f5000000, 0x00000006f5000000, 0x00000006f5400000|  0%| F|  |TAMS 0x00000006f5000000, 0x00000006f5000000| Untracked 
| 447|0x00000006f5400000, 0x00000006f5400000, 0x00000006f5800000|  0%| F|  |TAMS 0x00000006f5400000, 0x00000006f5400000| Untracked 
| 448|0x00000006f5800000, 0x00000006f5800000, 0x00000006f5c00000|  0%| F|  |TAMS 0x00000006f5800000, 0x00000006f5800000| Untracked 
| 449|0x00000006f5c00000, 0x00000006f5c00000, 0x00000006f6000000|  0%| F|  |TAMS 0x00000006f5c00000, 0x00000006f5c00000| Untracked 
| 450|0x00000006f6000000, 0x00000006f6000000, 0x00000006f6400000|  0%| F|  |TAMS 0x00000006f6000000, 0x00000006f6000000| Untracked 
| 451|0x00000006f6400000, 0x00000006f6400000, 0x00000006f6800000|  0%| F|  |TAMS 0x00000006f6400000, 0x00000006f6400000| Untracked 
| 452|0x00000006f6800000, 0x00000006f6800000, 0x00000006f6c00000|  0%| F|  |TAMS 0x00000006f6800000, 0x00000006f6800000| Untracked 
| 453|0x00000006f6c00000, 0x00000006f6c00000, 0x00000006f7000000|  0%| F|  |TAMS 0x00000006f6c00000, 0x00000006f6c00000| Untracked 
| 454|0x00000006f7000000, 0x00000006f7000000, 0x00000006f7400000|  0%| F|  |TAMS 0x00000006f7000000, 0x00000006f7000000| Untracked 
| 455|0x00000006f7400000, 0x00000006f7400000, 0x00000006f7800000|  0%| F|  |TAMS 0x00000006f7400000, 0x00000006f7400000| Untracked 
| 456|0x00000006f7800000, 0x00000006f7800000, 0x00000006f7c00000|  0%| F|  |TAMS 0x00000006f7800000, 0x00000006f7800000| Untracked 
| 457|0x00000006f7c00000, 0x00000006f7c00000, 0x00000006f8000000|  0%| F|  |TAMS 0x00000006f7c00000, 0x00000006f7c00000| Untracked 
| 458|0x00000006f8000000, 0x00000006f8000000, 0x00000006f8400000|  0%| F|  |TAMS 0x00000006f8000000, 0x00000006f8000000| Untracked 
| 459|0x00000006f8400000, 0x00000006f8400000, 0x00000006f8800000|  0%| F|  |TAMS 0x00000006f8400000, 0x00000006f8400000| Untracked 
| 460|0x00000006f8800000, 0x00000006f8800000, 0x00000006f8c00000|  0%| F|  |TAMS 0x00000006f8800000, 0x00000006f8800000| Untracked 
| 461|0x00000006f8c00000, 0x00000006f8c00000, 0x00000006f9000000|  0%| F|  |TAMS 0x00000006f8c00000, 0x00000006f8c00000| Untracked 
| 462|0x00000006f9000000, 0x00000006f9000000, 0x00000006f9400000|  0%| F|  |TAMS 0x00000006f9000000, 0x00000006f9000000| Untracked 
| 463|0x00000006f9400000, 0x00000006f9400000, 0x00000006f9800000|  0%| F|  |TAMS 0x00000006f9400000, 0x00000006f9400000| Untracked 
| 464|0x00000006f9800000, 0x00000006f9800000, 0x00000006f9c00000|  0%| F|  |TAMS 0x00000006f9800000, 0x00000006f9800000| Untracked 
| 465|0x00000006f9c00000, 0x00000006f9c00000, 0x00000006fa000000|  0%| F|  |TAMS 0x00000006f9c00000, 0x00000006f9c00000| Untracked 
| 466|0x00000006fa000000, 0x00000006fa000000, 0x00000006fa400000|  0%| F|  |TAMS 0x00000006fa000000, 0x00000006fa000000| Untracked 
| 467|0x00000006fa400000, 0x00000006fa400000, 0x00000006fa800000|  0%| F|  |TAMS 0x00000006fa400000, 0x00000006fa400000| Untracked 
| 468|0x00000006fa800000, 0x00000006fa800000, 0x00000006fac00000|  0%| F|  |TAMS 0x00000006fa800000, 0x00000006fa800000| Untracked 
| 469|0x00000006fac00000, 0x00000006fac00000, 0x00000006fb000000|  0%| F|  |TAMS 0x00000006fac00000, 0x00000006fac00000| Untracked 
| 470|0x00000006fb000000, 0x00000006fb000000, 0x00000006fb400000|  0%| F|  |TAMS 0x00000006fb000000, 0x00000006fb000000| Untracked 
| 471|0x00000006fb400000, 0x00000006fb400000, 0x00000006fb800000|  0%| F|  |TAMS 0x00000006fb400000, 0x00000006fb400000| Untracked 
| 472|0x00000006fb800000, 0x00000006fb800000, 0x00000006fbc00000|  0%| F|  |TAMS 0x00000006fb800000, 0x00000006fb800000| Untracked 
| 473|0x00000006fbc00000, 0x00000006fbc00000, 0x00000006fc000000|  0%| F|  |TAMS 0x00000006fbc00000, 0x00000006fbc00000| Untracked 
| 474|0x00000006fc000000, 0x00000006fc000000, 0x00000006fc400000|  0%| F|  |TAMS 0x00000006fc000000, 0x00000006fc000000| Untracked 
| 475|0x00000006fc400000, 0x00000006fc400000, 0x00000006fc800000|  0%| F|  |TAMS 0x00000006fc400000, 0x00000006fc400000| Untracked 
| 476|0x00000006fc800000, 0x00000006fc800000, 0x00000006fcc00000|  0%| F|  |TAMS 0x00000006fc800000, 0x00000006fc800000| Untracked 
| 477|0x00000006fcc00000, 0x00000006fcc00000, 0x00000006fd000000|  0%| F|  |TAMS 0x00000006fcc00000, 0x00000006fcc00000| Untracked 
| 478|0x00000006fd000000, 0x00000006fd000000, 0x00000006fd400000|  0%| F|  |TAMS 0x00000006fd000000, 0x00000006fd000000| Untracked 
| 479|0x00000006fd400000, 0x00000006fd400000, 0x00000006fd800000|  0%| F|  |TAMS 0x00000006fd400000, 0x00000006fd400000| Untracked 
| 480|0x00000006fd800000, 0x00000006fd800000, 0x00000006fdc00000|  0%| F|  |TAMS 0x00000006fd800000, 0x00000006fd800000| Untracked 
| 481|0x00000006fdc00000, 0x00000006fdc00000, 0x00000006fe000000|  0%| F|  |TAMS 0x00000006fdc00000, 0x00000006fdc00000| Untracked 
| 482|0x00000006fe000000, 0x00000006fe000000, 0x00000006fe400000|  0%| F|  |TAMS 0x00000006fe000000, 0x00000006fe000000| Untracked 
| 483|0x00000006fe400000, 0x00000006fe400000, 0x00000006fe800000|  0%| F|  |TAMS 0x00000006fe400000, 0x00000006fe400000| Untracked 
| 484|0x00000006fe800000, 0x00000006fe800000, 0x00000006fec00000|  0%| F|  |TAMS 0x00000006fe800000, 0x00000006fe800000| Untracked 
| 485|0x00000006fec00000, 0x00000006fec00000, 0x00000006ff000000|  0%| F|  |TAMS 0x00000006fec00000, 0x00000006fec00000| Untracked 
| 486|0x00000006ff000000, 0x00000006ff000000, 0x00000006ff400000|  0%| F|  |TAMS 0x00000006ff000000, 0x00000006ff000000| Untracked 
| 487|0x00000006ff400000, 0x00000006ff400000, 0x00000006ff800000|  0%| F|  |TAMS 0x00000006ff400000, 0x00000006ff400000| Untracked 
| 488|0x00000006ff800000, 0x00000006ff800000, 0x00000006ffc00000|  0%| F|  |TAMS 0x00000006ff800000, 0x00000006ff800000| Untracked 
| 489|0x00000006ffc00000, 0x00000006ffc00000, 0x0000000700000000|  0%| F|  |TAMS 0x00000006ffc00000, 0x00000006ffc00000| Untracked 
| 490|0x0000000700000000, 0x0000000700000000, 0x0000000700400000|  0%| F|  |TAMS 0x0000000700000000, 0x0000000700000000| Untracked 
| 491|0x0000000700400000, 0x0000000700400000, 0x0000000700800000|  0%| F|  |TAMS 0x0000000700400000, 0x0000000700400000| Untracked 
| 492|0x0000000700800000, 0x0000000700800000, 0x0000000700c00000|  0%| F|  |TAMS 0x0000000700800000, 0x0000000700800000| Untracked 
| 493|0x0000000700c00000, 0x0000000700c00000, 0x0000000701000000|  0%| F|  |TAMS 0x0000000700c00000, 0x0000000700c00000| Untracked 
| 494|0x0000000701000000, 0x0000000701000000, 0x0000000701400000|  0%| F|  |TAMS 0x0000000701000000, 0x0000000701000000| Untracked 
| 495|0x0000000701400000, 0x0000000701400000, 0x0000000701800000|  0%| F|  |TAMS 0x0000000701400000, 0x0000000701400000| Untracked 
| 496|0x0000000701800000, 0x0000000701800000, 0x0000000701c00000|  0%| F|  |TAMS 0x0000000701800000, 0x0000000701800000| Untracked 
| 497|0x0000000701c00000, 0x0000000701c00000, 0x0000000702000000|  0%| F|  |TAMS 0x0000000701c00000, 0x0000000701c00000| Untracked 
| 498|0x0000000702000000, 0x0000000702000000, 0x0000000702400000|  0%| F|  |TAMS 0x0000000702000000, 0x0000000702000000| Untracked 
| 499|0x0000000702400000, 0x0000000702400000, 0x0000000702800000|  0%| F|  |TAMS 0x0000000702400000, 0x0000000702400000| Untracked 
| 500|0x0000000702800000, 0x0000000702800000, 0x0000000702c00000|  0%| F|  |TAMS 0x0000000702800000, 0x0000000702800000| Untracked 
| 501|0x0000000702c00000, 0x0000000702c00000, 0x0000000703000000|  0%| F|  |TAMS 0x0000000702c00000, 0x0000000702c00000| Untracked 
| 502|0x0000000703000000, 0x0000000703000000, 0x0000000703400000|  0%| F|  |TAMS 0x0000000703000000, 0x0000000703000000| Untracked 
| 503|0x0000000703400000, 0x0000000703400000, 0x0000000703800000|  0%| F|  |TAMS 0x0000000703400000, 0x0000000703400000| Untracked 
| 504|0x0000000703800000, 0x0000000703800000, 0x0000000703c00000|  0%| F|  |TAMS 0x0000000703800000, 0x0000000703800000| Untracked 
| 505|0x0000000703c00000, 0x0000000703c00000, 0x0000000704000000|  0%| F|  |TAMS 0x0000000703c00000, 0x0000000703c00000| Untracked 
| 506|0x0000000704000000, 0x0000000704000000, 0x0000000704400000|  0%| F|  |TAMS 0x0000000704000000, 0x0000000704000000| Untracked 
| 507|0x0000000704400000, 0x0000000704400000, 0x0000000704800000|  0%| F|  |TAMS 0x0000000704400000, 0x0000000704400000| Untracked 
| 508|0x0000000704800000, 0x0000000704800000, 0x0000000704c00000|  0%| F|  |TAMS 0x0000000704800000, 0x0000000704800000| Untracked 
| 509|0x0000000704c00000, 0x0000000704c00000, 0x0000000705000000|  0%| F|  |TAMS 0x0000000704c00000, 0x0000000704c00000| Untracked 
| 510|0x0000000705000000, 0x0000000705000000, 0x0000000705400000|  0%| F|  |TAMS 0x0000000705000000, 0x0000000705000000| Untracked 
| 511|0x0000000705400000, 0x0000000705400000, 0x0000000705800000|  0%| F|  |TAMS 0x0000000705400000, 0x0000000705400000| Untracked 
| 512|0x0000000705800000, 0x0000000705800000, 0x0000000705c00000|  0%| F|  |TAMS 0x0000000705800000, 0x0000000705800000| Untracked 
| 513|0x0000000705c00000, 0x0000000705c00000, 0x0000000706000000|  0%| F|  |TAMS 0x0000000705c00000, 0x0000000705c00000| Untracked 
| 514|0x0000000706000000, 0x0000000706000000, 0x0000000706400000|  0%| F|  |TAMS 0x0000000706000000, 0x0000000706000000| Untracked 
| 515|0x0000000706400000, 0x0000000706400000, 0x0000000706800000|  0%| F|  |TAMS 0x0000000706400000, 0x0000000706400000| Untracked 
| 516|0x0000000706800000, 0x0000000706800000, 0x0000000706c00000|  0%| F|  |TAMS 0x0000000706800000, 0x0000000706800000| Untracked 
| 517|0x0000000706c00000, 0x0000000706c00000, 0x0000000707000000|  0%| F|  |TAMS 0x0000000706c00000, 0x0000000706c00000| Untracked 
| 518|0x0000000707000000, 0x0000000707000000, 0x0000000707400000|  0%| F|  |TAMS 0x0000000707000000, 0x0000000707000000| Untracked 
| 519|0x0000000707400000, 0x0000000707400000, 0x0000000707800000|  0%| F|  |TAMS 0x0000000707400000, 0x0000000707400000| Untracked 
| 520|0x0000000707800000, 0x0000000707800000, 0x0000000707c00000|  0%| F|  |TAMS 0x0000000707800000, 0x0000000707800000| Untracked 
| 521|0x0000000707c00000, 0x0000000707c00000, 0x0000000708000000|  0%| F|  |TAMS 0x0000000707c00000, 0x0000000707c00000| Untracked 
| 522|0x0000000708000000, 0x0000000708000000, 0x0000000708400000|  0%| F|  |TAMS 0x0000000708000000, 0x0000000708000000| Untracked 
| 523|0x0000000708400000, 0x00000007085d5fe8, 0x0000000708800000| 45%| S|CS|TAMS 0x0000000708400000, 0x0000000708400000| Complete 
| 524|0x0000000708800000, 0x0000000708c00000, 0x0000000708c00000|100%| S|CS|TAMS 0x0000000708800000, 0x0000000708800000| Complete 
| 525|0x0000000708c00000, 0x0000000709000000, 0x0000000709000000|100%| S|CS|TAMS 0x0000000708c00000, 0x0000000708c00000| Complete 
| 526|0x0000000709000000, 0x0000000709400000, 0x0000000709400000|100%| S|CS|TAMS 0x0000000709000000, 0x0000000709000000| Complete 
|1511|0x00000007ff400000, 0x00000007ff800000, 0x00000007ff800000|100%| O|  |TAMS 0x00000007ff800000, 0x00000007ff400000| Untracked 
|1512|0x00000007ff800000, 0x00000007ff800000, 0x00000007ffc00000|  0%| F|  |TAMS 0x00000007ff800000, 0x00000007ff800000| Untracked 
|1513|0x00000007ffc00000, 0x0000000800000000, 0x0000000800000000|100%| O|  |TAMS 0x0000000800000000, 0x00000007ffc00000| Untracked 

Card table byte_map: [0x0000022dfac80000,0x0000022dfb860000] _byte_map_base: 0x0000022df7854000

Marking Bits (Prev, Next): (CMBitMap*) 0x0000022df7debf60, (CMBitMap*) 0x0000022df7debfa0
 Prev Bits: [0x0000022d967f0000, 0x0000022d9c690000)
 Next Bits: [0x0000022d9c690000, 0x0000022da2530000)

Polling page: 0x0000022df7af0000

Metaspace:

Usage:
  Non-class:     13.53 MB used.
      Class:      1.51 MB used.
       Both:     15.04 MB used.

Virtual space:
  Non-class space:       64.00 MB reserved,      13.69 MB ( 21%) committed,  1 nodes.
      Class space:        1.00 GB reserved,       1.62 MB ( <1%) committed,  1 nodes.
             Both:        1.06 GB reserved,      15.31 MB (  1%) committed. 

Chunk freelists:
   Non-Class:  1.85 MB
       Class:  14.34 MB
        Both:  16.19 MB

MaxMetaspaceSize: unlimited
CompressedClassSpaceSize: 1.00 GB
Initial GC threshold: 21.00 MB
Current GC threshold: 21.00 MB
CDS: on
MetaspaceReclaimPolicy: balanced
 - commit_granule_bytes: 65536.
 - commit_granule_words: 8192.
 - virtual_space_node_default_size: 8388608.
 - enlarge_chunks_in_place: 1.
 - new_chunks_are_fully_committed: 0.
 - uncommit_free_chunks: 1.
 - use_allocation_guard: 0.
 - handle_deallocations: 1.


Internal statistics:

num_allocs_failed_limit: 0.
num_arena_births: 178.
num_arena_deaths: 0.
num_vsnodes_births: 2.
num_vsnodes_deaths: 0.
num_space_committed: 245.
num_space_uncommitted: 0.
num_chunks_returned_to_freelist: 0.
num_chunks_taken_from_freelist: 756.
num_chunk_merges: 0.
num_chunk_splits: 479.
num_chunks_enlarged: 311.
num_inconsistent_stats: 0.

CodeHeap 'non-profiled nmethods': size=120000Kb used=6447Kb max_used=6447Kb free=113552Kb
 bounds [0x0000022d8f2c0000, 0x0000022d8f910000, 0x0000022d967f0000]
CodeHeap 'profiled nmethods': size=120000Kb used=9497Kb max_used=10404Kb free=110502Kb
 bounds [0x0000022d877f0000, 0x0000022d88240000, 0x0000022d8ed20000]
CodeHeap 'non-nmethods': size=5760Kb used=1176Kb max_used=1247Kb free=4583Kb
 bounds [0x0000022d8ed20000, 0x0000022d8ef90000, 0x0000022d8f2c0000]
 total_blobs=5515 nmethods=5047 adapters=378
 compilation: enabled
              stopped_count=0, restarted_count=0
 full_count=0

Compilation events (20 events):
Event: 46.057 Thread 0x0000022dff0e9eb0 nmethod 7107 0x0000022d8813e990 code [0x0000022d8813ebc0, 0x0000022d8813f488]
Event: 46.103 Thread 0x0000022dff0e9eb0 7108   !   3       jdk.internal.reflect.GeneratedConstructorAccessor7::newInstance (53 bytes)
Event: 46.104 Thread 0x0000022dff0e9eb0 nmethod 7108 0x0000022d8806ab90 code [0x0000022d8806adc0, 0x0000022d8806b688]
Event: 46.104 Thread 0x0000022dff0e9eb0 7109       3       com.sun.tools.javac.util.List::map (83 bytes)
Event: 46.105 Thread 0x0000022dff0e9eb0 nmethod 7109 0x0000022d8818ad10 code [0x0000022d8818af80, 0x0000022d8818bbf8]
Event: 46.140 Thread 0x0000022dff0df3e0 7110       4       lombok.javac.JavacTreeMaker::Parens (19 bytes)
Event: 46.162 Thread 0x0000022dff0df3e0 nmethod 7110 0x0000022d8f842890 code [0x0000022d8f842ac0, 0x0000022d8f843200]
Event: 46.162 Thread 0x0000022dff0df3e0 7111   !   4       jdk.internal.reflect.GeneratedMethodAccessor34::invoke (65 bytes)
Event: 46.166 Thread 0x0000022dff0df3e0 nmethod 7111 0x0000022d8f906e10 code [0x0000022d8f906fa0, 0x0000022d8f907158]
Event: 46.308 Thread 0x0000022dff0df3e0 7112       4       lombok.core.AnnotationValues::isExplicit (29 bytes)
Event: 46.330 Thread 0x0000022dff0df3e0 nmethod 7112 0x0000022d8f907390 code [0x0000022d8f907540, 0x0000022d8f907d58]
Event: 46.434 Thread 0x0000022dff0df3e0 7113   !   4       lombok.javac.handlers.HandleGetter::$SWITCH_TABLE$lombok$javac$handlers$JavacHandlerUtil$MemberExistsResult (61 bytes)
Event: 46.434 Thread 0x0000022dff0df3e0 nmethod 7113 0x0000022d8f908210 code [0x0000022d8f908380, 0x0000022d8f9083f8]
Event: 46.439 Thread 0x0000022dff0df3e0 7114       4       lombok.javac.handlers.HandleGetter::createGetterForField (332 bytes)
Event: 46.494 Thread 0x0000022dff0df3e0 nmethod 7114 0x0000022d8f908510 code [0x0000022d8f908820, 0x0000022d8f909eb8]
Event: 46.494 Thread 0x0000022dff0df3e0 7115       4       lombok.javac.handlers.HandleGetter::generateGetterForField (23 bytes)
Event: 46.507 Thread 0x0000022dff0df3e0 nmethod 7115 0x0000022d8f90b210 code [0x0000022d8f90b3e0, 0x0000022d8f90b778]
Event: 46.547 Thread 0x0000022dff0df3e0 7116       4       lombok.javac.handlers.HandleEqualsAndHashCode::createResultCalculation (67 bytes)
Event: 46.853 Thread 0x0000022dff0e9eb0 7118       3       com.sun.tools.javac.code.Types$14::visitType (10 bytes)
Event: 46.854 Thread 0x0000022dff0e9eb0 nmethod 7118 0x0000022d8805e790 code [0x0000022d8805e960, 0x0000022d8805ed18]

GC Heap History (20 events):
Event: 33.407 GC heap after
{Heap after GC invocations=59 (full 0):
 garbage-first heap   total 1187840K, used 157174K [0x0000000685800000, 0x0000000800000000)
  region size 4096K, 12 young (49152K), 12 survivors (49152K)
 Metaspace       used 15043K, committed 15296K, reserved 1114112K
  class space    used 1520K, committed 1664K, reserved 1048576K
}
Event: 34.385 GC heap before
{Heap before GC invocations=59 (full 0):
 garbage-first heap   total 1187840K, used 820726K [0x0000000685800000, 0x0000000800000000)
  region size 4096K, 174 young (712704K), 12 survivors (49152K)
 Metaspace       used 15043K, committed 15296K, reserved 1114112K
  class space    used 1520K, committed 1664K, reserved 1048576K
}
Event: 34.468 GC heap after
{Heap after GC invocations=60 (full 0):
 garbage-first heap   total 1187840K, used 163385K [0x0000000685800000, 0x0000000800000000)
  region size 4096K, 13 young (53248K), 13 survivors (53248K)
 Metaspace       used 15043K, committed 15296K, reserved 1114112K
  class space    used 1520K, committed 1664K, reserved 1048576K
}
Event: 35.942 GC heap before
{Heap before GC invocations=60 (full 0):
 garbage-first heap   total 1187840K, used 822841K [0x0000000685800000, 0x0000000800000000)
  region size 4096K, 174 young (712704K), 13 survivors (53248K)
 Metaspace       used 15241K, committed 15488K, reserved 1114112K
  class space    used 1542K, committed 1664K, reserved 1048576K
}
Event: 36.045 GC heap after
{Heap after GC invocations=61 (full 0):
 garbage-first heap   total 1720320K, used 169832K [0x0000000685800000, 0x0000000800000000)
  region size 4096K, 14 young (57344K), 14 survivors (57344K)
 Metaspace       used 15241K, committed 15488K, reserved 1114112K
  class space    used 1542K, committed 1664K, reserved 1048576K
}
Event: 37.718 GC heap before
{Heap before GC invocations=61 (full 0):
 garbage-first heap   total 1720320K, used 1152872K [0x0000000685800000, 0x0000000800000000)
  region size 4096K, 252 young (1032192K), 14 survivors (57344K)
 Metaspace       used 15278K, committed 15488K, reserved 1114112K
  class space    used 1542K, committed 1664K, reserved 1048576K
}
Event: 37.815 GC heap after
{Heap after GC invocations=62 (full 0):
 garbage-first heap   total 1720320K, used 190514K [0x0000000685800000, 0x0000000800000000)
  region size 4096K, 17 young (69632K), 17 survivors (69632K)
 Metaspace       used 15278K, committed 15488K, reserved 1114112K
  class space    used 1542K, committed 1664K, reserved 1048576K
}
Event: 39.188 GC heap before
{Heap before GC invocations=62 (full 0):
 garbage-first heap   total 1720320K, used 1153074K [0x0000000685800000, 0x0000000800000000)
  region size 4096K, 252 young (1032192K), 17 survivors (69632K)
 Metaspace       used 15303K, committed 15616K, reserved 1114112K
  class space    used 1543K, committed 1664K, reserved 1048576K
}
Event: 39.311 GC heap after
{Heap after GC invocations=63 (full 0):
 garbage-first heap   total 1720320K, used 200561K [0x0000000685800000, 0x0000000800000000)
  region size 4096K, 19 young (77824K), 19 survivors (77824K)
 Metaspace       used 15303K, committed 15616K, reserved 1114112K
  class space    used 1543K, committed 1664K, reserved 1048576K
}
Event: 40.551 GC heap before
{Heap before GC invocations=63 (full 0):
 garbage-first heap   total 1720320K, used 1154929K [0x0000000685800000, 0x0000000800000000)
  region size 4096K, 252 young (1032192K), 19 survivors (77824K)
 Metaspace       used 15362K, committed 15616K, reserved 1114112K
  class space    used 1543K, committed 1664K, reserved 1048576K
}
Event: 40.724 GC heap after
{Heap after GC invocations=64 (full 0):
 garbage-first heap   total 1720320K, used 212392K [0x0000000685800000, 0x0000000800000000)
  region size 4096K, 21 young (86016K), 21 survivors (86016K)
 Metaspace       used 15362K, committed 15616K, reserved 1114112K
  class space    used 1543K, committed 1664K, reserved 1048576K
}
Event: 41.837 GC heap before
{Heap before GC invocations=64 (full 0):
 garbage-first heap   total 1720320K, used 1158568K [0x0000000685800000, 0x0000000800000000)
  region size 4096K, 252 young (1032192K), 21 survivors (86016K)
 Metaspace       used 15368K, committed 15680K, reserved 1114112K
  class space    used 1543K, committed 1664K, reserved 1048576K
}
Event: 41.997 GC heap after
{Heap after GC invocations=65 (full 0):
 garbage-first heap   total 2170880K, used 224847K [0x0000000685800000, 0x0000000800000000)
  region size 4096K, 21 young (86016K), 21 survivors (86016K)
 Metaspace       used 15368K, committed 15680K, reserved 1114112K
  class space    used 1543K, committed 1664K, reserved 1048576K
}
Event: 43.922 GC heap before
{Heap before GC invocations=65 (full 0):
 garbage-first heap   total 2170880K, used 1441359K [0x0000000685800000, 0x0000000800000000)
  region size 4096K, 318 young (1302528K), 21 survivors (86016K)
 Metaspace       used 15371K, committed 15680K, reserved 1114112K
  class space    used 1543K, committed 1664K, reserved 1048576K
}
Event: 44.040 GC heap after
{Heap after GC invocations=66 (full 0):
 garbage-first heap   total 2170880K, used 238653K [0x0000000685800000, 0x0000000800000000)
  region size 4096K, 24 young (98304K), 24 survivors (98304K)
 Metaspace       used 15371K, committed 15680K, reserved 1114112K
  class space    used 1543K, committed 1664K, reserved 1048576K
}
Event: 45.746 GC heap before
{Heap before GC invocations=66 (full 0):
 garbage-first heap   total 2170880K, used 1455165K [0x0000000685800000, 0x0000000800000000)
  region size 4096K, 318 young (1302528K), 24 survivors (98304K)
 Metaspace       used 15402K, committed 15680K, reserved 1114112K
  class space    used 1546K, committed 1664K, reserved 1048576K
}
Event: 45.930 GC heap after
{Heap after GC invocations=67 (full 0):
 garbage-first heap   total 2170880K, used 266437K [0x0000000685800000, 0x0000000800000000)
  region size 4096K, 26 young (106496K), 26 survivors (106496K)
 Metaspace       used 15402K, committed 15680K, reserved 1114112K
  class space    used 1546K, committed 1664K, reserved 1048576K
}
Event: 47.499 GC heap before
{Heap before GC invocations=67 (full 0):
 garbage-first heap   total 2170880K, used 1462469K [0x0000000685800000, 0x0000000800000000)
  region size 4096K, 318 young (1302528K), 26 survivors (106496K)
 Metaspace       used 15404K, committed 15680K, reserved 1114112K
  class space    used 1546K, committed 1664K, reserved 1048576K
}
Event: 47.815 GC heap after
{Heap after GC invocations=68 (full 0):
 garbage-first heap   total 2170880K, used 279242K [0x0000000685800000, 0x0000000800000000)
  region size 4096K, 25 young (102400K), 25 survivors (102400K)
 Metaspace       used 15404K, committed 15680K, reserved 1114112K
  class space    used 1546K, committed 1664K, reserved 1048576K
}
Event: 47.826 GC heap before
{Heap before GC invocations=68 (full 0):
 garbage-first heap   total 2170880K, used 283338K [0x0000000685800000, 0x0000000800000000)
  region size 4096K, 26 young (106496K), 25 survivors (102400K)
 Metaspace       used 15404K, committed 15680K, reserved 1114112K
  class space    used 1546K, committed 1664K, reserved 1048576K
}

Deoptimization events (20 events):
Event: 44.502 Thread 0x0000022df7d65960 Uncommon trap: trap_request=0xffffffde fr.pc=0x0000022d8f8edfb8 relative=0x00000000000006f8
Event: 44.502 Thread 0x0000022df7d65960 Uncommon trap: reason=class_check action=maybe_recompile pc=0x0000022d8f8edfb8 method=lombok.core.AnnotationValues.isExplicit(Ljava/lang/String;)Z @ 10 c2
Event: 44.502 Thread 0x0000022df7d65960 DEOPT PACKING pc=0x0000022d8f8edfb8 sp=0x000000de126fe5c0
Event: 44.502 Thread 0x0000022df7d65960 DEOPT UNPACKING pc=0x0000022d8ed723a3 sp=0x000000de126fe578 mode 2
Event: 44.503 Thread 0x0000022df7d65960 Uncommon trap: trap_request=0xffffff45 fr.pc=0x0000022d8f8fd584 relative=0x0000000000000084
Event: 44.503 Thread 0x0000022df7d65960 Uncommon trap: reason=unstable_if action=reinterpret pc=0x0000022d8f8fd584 method=lombok.javac.handlers.HandleEqualsAndHashCode.isJcAnnotatedType(Lcom/sun/tools/javac/tree/JCTree$JCExpression;)Z @ 10 c2
Event: 44.503 Thread 0x0000022df7d65960 DEOPT PACKING pc=0x0000022d8f8fd584 sp=0x000000de126fe1b0
Event: 44.503 Thread 0x0000022df7d65960 DEOPT UNPACKING pc=0x0000022d8ed723a3 sp=0x000000de126fe140 mode 2
Event: 44.568 Thread 0x0000022df7d65960 Uncommon trap: trap_request=0xffffff45 fr.pc=0x0000022d8f2f9134 relative=0x0000000000000114
Event: 44.568 Thread 0x0000022df7d65960 Uncommon trap: reason=unstable_if action=reinterpret pc=0x0000022d8f2f9134 method=lombok.javac.handlers.HandleGetter.fieldQualifiesForGetterGeneration(Llombok/javac/JavacNode;)Z @ 50 c2
Event: 44.568 Thread 0x0000022df7d65960 DEOPT PACKING pc=0x0000022d8f2f9134 sp=0x000000de126fe520
Event: 44.568 Thread 0x0000022df7d65960 DEOPT UNPACKING pc=0x0000022d8ed723a3 sp=0x000000de126fe4b0 mode 2
Event: 44.609 Thread 0x0000022df7d65960 Uncommon trap: trap_request=0xffffffde fr.pc=0x0000022d8f7c1e5c relative=0x000000000000171c
Event: 44.609 Thread 0x0000022df7d65960 Uncommon trap: reason=class_check action=maybe_recompile pc=0x0000022d8f7c1e5c method=lombok.core.AnnotationValues$1.invoke(Ljava/lang/Object;Ljava/lang/reflect/Method;[Ljava/lang/Object;)Ljava/lang/Object; @ 16 c2
Event: 44.609 Thread 0x0000022df7d65960 DEOPT PACKING pc=0x0000022d8f7c1e5c sp=0x000000de126fe500
Event: 44.609 Thread 0x0000022df7d65960 DEOPT UNPACKING pc=0x0000022d8ed723a3 sp=0x000000de126fe4b8 mode 2
Event: 44.609 Thread 0x0000022df7d65960 Uncommon trap: trap_request=0xffffffde fr.pc=0x0000022d8f8edfb8 relative=0x00000000000006f8
Event: 44.609 Thread 0x0000022df7d65960 Uncommon trap: reason=class_check action=maybe_recompile pc=0x0000022d8f8edfb8 method=lombok.core.AnnotationValues.isExplicit(Ljava/lang/String;)Z @ 10 c2
Event: 44.609 Thread 0x0000022df7d65960 DEOPT PACKING pc=0x0000022d8f8edfb8 sp=0x000000de126fe5c0
Event: 44.609 Thread 0x0000022df7d65960 DEOPT UNPACKING pc=0x0000022d8ed723a3 sp=0x000000de126fe578 mode 2

Classes unloaded (0 events):
No events

Classes redefined (0 events):
No events

Internal exceptions (20 events):
Event: 15.976 Thread 0x0000022df7d65960 Exception <a 'sun/nio/fs/WindowsException'{0x0000000691bc09a0}> (0x0000000691bc09a0) 
thrown [s\open\src\hotspot\share\prims\jni.cpp, line 516]
Event: 15.976 Thread 0x0000022df7d65960 Exception <a 'sun/nio/fs/WindowsException'{0x0000000691bc0c90}> (0x0000000691bc0c90) 
thrown [s\open\src\hotspot\share\prims\jni.cpp, line 516]
Event: 15.976 Thread 0x0000022df7d65960 Exception <a 'sun/nio/fs/WindowsException'{0x0000000691bc1bd0}> (0x0000000691bc1bd0) 
thrown [s\open\src\hotspot\share\prims\jni.cpp, line 516]
Event: 15.976 Thread 0x0000022df7d65960 Exception <a 'sun/nio/fs/WindowsException'{0x0000000691bc1f48}> (0x0000000691bc1f48) 
thrown [s\open\src\hotspot\share\prims\jni.cpp, line 516]
Event: 15.976 Thread 0x0000022df7d65960 Exception <a 'sun/nio/fs/WindowsException'{0x0000000691bc3ae0}> (0x0000000691bc3ae0) 
thrown [s\open\src\hotspot\share\prims\jni.cpp, line 516]
Event: 15.976 Thread 0x0000022df7d65960 Exception <a 'sun/nio/fs/WindowsException'{0x0000000691bc3e10}> (0x0000000691bc3e10) 
thrown [s\open\src\hotspot\share\prims\jni.cpp, line 516]
Event: 15.976 Thread 0x0000022df7d65960 Exception <a 'sun/nio/fs/WindowsException'{0x0000000691bc4d38}> (0x0000000691bc4d38) 
thrown [s\open\src\hotspot\share\prims\jni.cpp, line 516]
Event: 15.976 Thread 0x0000022df7d65960 Exception <a 'sun/nio/fs/WindowsException'{0x0000000691bc5028}> (0x0000000691bc5028) 
thrown [s\open\src\hotspot\share\prims\jni.cpp, line 516]
Event: 15.976 Thread 0x0000022df7d65960 Exception <a 'sun/nio/fs/WindowsException'{0x0000000691bc6150}> (0x0000000691bc6150) 
thrown [s\open\src\hotspot\share\prims\jni.cpp, line 516]
Event: 15.976 Thread 0x0000022df7d65960 Exception <a 'sun/nio/fs/WindowsException'{0x0000000691bc6480}> (0x0000000691bc6480) 
thrown [s\open\src\hotspot\share\prims\jni.cpp, line 516]
Event: 15.977 Thread 0x0000022df7d65960 Exception <a 'sun/nio/fs/WindowsException'{0x0000000691bc7410}> (0x0000000691bc7410) 
thrown [s\open\src\hotspot\share\prims\jni.cpp, line 516]
Event: 15.977 Thread 0x0000022df7d65960 Exception <a 'sun/nio/fs/WindowsException'{0x0000000691bc77d0}> (0x0000000691bc77d0) 
thrown [s\open\src\hotspot\share\prims\jni.cpp, line 516]
Event: 16.215 Thread 0x0000022df7d65960 Implicit null exception at 0x0000022d8f58fd55 to 0x0000022d8f590c04
Event: 16.247 Thread 0x0000022df7d65960 Implicit null exception at 0x0000022d8f34b434 to 0x0000022d8f34bcd4
Event: 20.054 Thread 0x0000022df7d65960 Implicit null exception at 0x0000022d8f64ecf9 to 0x0000022d8f64f2f0
Event: 20.992 Thread 0x0000022df7d65960 Implicit null exception at 0x0000022d8f569adb to 0x0000022d8f56a4a8
Event: 22.558 Thread 0x0000022df7d65960 Implicit null exception at 0x0000022d8f6a973d to 0x0000022d8f6afac4
Event: 22.710 Thread 0x0000022df7d65960 Implicit null exception at 0x0000022d8f549a92 to 0x0000022d8f54a1b0
Event: 26.331 Thread 0x0000022df7d65960 Implicit null exception at 0x0000022d8f7ae9e8 to 0x0000022d8f7b3998
Event: 26.352 Thread 0x0000022df7d65960 Implicit null exception at 0x0000022d8f772f68 to 0x0000022d8f775e38

VM Operations (20 events):
Event: 40.724 Executing VM operation: G1CollectForAllocation done
Event: 41.739 Executing VM operation: Cleanup
Event: 41.739 Executing VM operation: Cleanup done
Event: 41.837 Executing VM operation: G1CollectForAllocation
Event: 41.997 Executing VM operation: G1CollectForAllocation done
Event: 43.042 Executing VM operation: HandshakeAllThreads
Event: 43.043 Executing VM operation: HandshakeAllThreads done
Event: 43.043 Executing VM operation: Cleanup
Event: 43.056 Executing VM operation: Cleanup done
Event: 43.922 Executing VM operation: G1CollectForAllocation
Event: 44.041 Executing VM operation: G1CollectForAllocation done
Event: 45.044 Executing VM operation: Cleanup
Event: 45.045 Executing VM operation: Cleanup done
Event: 45.746 Executing VM operation: G1CollectForAllocation
Event: 45.930 Executing VM operation: G1CollectForAllocation done
Event: 46.944 Executing VM operation: Cleanup
Event: 46.944 Executing VM operation: Cleanup done
Event: 47.499 Executing VM operation: G1CollectForAllocation
Event: 47.815 Executing VM operation: G1CollectForAllocation done
Event: 47.826 Executing VM operation: G1CollectForAllocation

Events (20 events):
Event: 29.477 Thread 0x0000022dff10f8f0 flushing nmethod 0x0000022d881cda10
Event: 29.477 Thread 0x0000022dff10f8f0 flushing nmethod 0x0000022d881d9210
Event: 29.477 Thread 0x0000022dff10f8f0 flushing nmethod 0x0000022d881da690
Event: 29.477 Thread 0x0000022dff10f8f0 flushing nmethod 0x0000022d881de090
Event: 29.477 Thread 0x0000022dff10f8f0 flushing nmethod 0x0000022d88210d10
Event: 29.477 Thread 0x0000022dff10f8f0 flushing nmethod 0x0000022d88214790
Event: 29.477 Thread 0x0000022dff10f8f0 flushing nmethod 0x0000022d88214a90
Event: 29.477 Thread 0x0000022dff10f8f0 flushing nmethod 0x0000022d88214d90
Event: 30.267 loading class jdk/internal/reflect/UnsafeIntegerFieldAccessorImpl
Event: 30.267 loading class jdk/internal/reflect/UnsafeIntegerFieldAccessorImpl done
Event: 30.818 Thread 0x0000022deb274540 Thread exited: 0x0000022deb274540
Event: 31.931 Thread 0x0000022deb272560 Thread exited: 0x0000022deb272560
Event: 35.285 Thread 0x0000022deb273aa0 Thread added: 0x0000022deb273aa0
Event: 36.708 Thread 0x0000022deb273aa0 Thread exited: 0x0000022deb273aa0
Event: 37.195 Thread 0x0000022deb274540 Thread added: 0x0000022deb274540
Event: 39.339 Thread 0x0000022deb274540 Thread exited: 0x0000022deb274540
Event: 43.056 Thread 0x0000022dff10f8f0 flushing nmethod 0x0000022d8f2f7c10
Event: 43.061 Thread 0x0000022dff10f8f0 flushing nmethod 0x0000022d8f842890
Event: 43.065 Thread 0x0000022dff10f8f0 flushing nmethod 0x0000022d87a3a610
Event: 43.066 Thread 0x0000022dff10f8f0 flushing nmethod 0x0000022d87b17610


Dynamic libraries:
0x00007ff6642a0000 - 0x00007ff6642a8000 	C:\Program Files\Java\jdk-17\bin\javac.exe
0x00007ffad08a0000 - 0x00007ffad0b06000 	C:\WINDOWS\SYSTEM32\ntdll.dll
0x00007ffacfe80000 - 0x00007ffacff49000 	C:\WINDOWS\System32\KERNEL32.DLL
0x00007ffacdf90000 - 0x00007fface38e000 	C:\WINDOWS\System32\KERNELBASE.dll
0x00007ffacdda0000 - 0x00007ffacdeec000 	C:\WINDOWS\System32\ucrtbase.dll
0x00007ffac7740000 - 0x00007ffac7759000 	C:\Program Files\Java\jdk-17\bin\jli.dll
0x00007ffac77a0000 - 0x00007ffac77bb000 	C:\Program Files\Java\jdk-17\bin\VCRUNTIME140.dll
0x00007fface7c0000 - 0x00007fface877000 	C:\WINDOWS\System32\ADVAPI32.dll
0x00007ffad07b0000 - 0x00007ffad0859000 	C:\WINDOWS\System32\msvcrt.dll
0x00007ffacf900000 - 0x00007ffacf9aa000 	C:\WINDOWS\System32\sechost.dll
0x00007fface910000 - 0x00007ffacea28000 	C:\WINDOWS\System32\RPCRT4.dll
0x00007ffacfcb0000 - 0x00007ffacfe77000 	C:\WINDOWS\System32\USER32.dll
0x00007ffacdd70000 - 0x00007ffacdd97000 	C:\WINDOWS\System32\win32u.dll
0x00007ffaa4ac0000 - 0x00007ffaa4d52000 	C:\WINDOWS\WinSxS\amd64_microsoft.windows.common-controls_6595b64144ccf1df_6.0.26100.8875_none_3e0d5d42e32fe9dd\COMCTL32.dll
0x00007ffacff50000 - 0x00007ffacff7b000 	C:\WINDOWS\System32\GDI32.dll
0x00007ffacdac0000 - 0x00007ffacdbea000 	C:\WINDOWS\System32\gdi32full.dll
0x00007fface3a0000 - 0x00007fface443000 	C:\WINDOWS\System32\msvcp_win.dll
0x00007ffab7fb0000 - 0x00007ffab7fbb000 	C:\WINDOWS\SYSTEM32\VERSION.dll
0x00007ffad05a0000 - 0x00007ffad05d2000 	C:\WINDOWS\System32\IMM32.DLL
0x00007ffac4b10000 - 0x00007ffac4b1c000 	C:\Program Files\Java\jdk-17\bin\vcruntime140_1.dll
0x00007ffa78a30000 - 0x00007ffa78abe000 	C:\Program Files\Java\jdk-17\bin\msvcp140.dll
0x00007ffa29740000 - 0x00007ffa2a320000 	C:\Program Files\Java\jdk-17\bin\server\jvm.dll
0x00007ffad0590000 - 0x00007ffad0598000 	C:\WINDOWS\System32\PSAPI.DLL
0x00007ffac49e0000 - 0x00007ffac49ea000 	C:\WINDOWS\SYSTEM32\WSOCK32.dll
0x00007fface650000 - 0x00007fface6d0000 	C:\WINDOWS\System32\WS2_32.dll
0x00007ffac3050000 - 0x00007ffac3086000 	C:\WINDOWS\SYSTEM32\WINMM.dll
0x00007ffacc780000 - 0x00007ffacc79b000 	C:\WINDOWS\SYSTEM32\kernel.appcore.dll
0x00007ffac3140000 - 0x00007ffac314a000 	C:\Program Files\Java\jdk-17\bin\jimage.dll
0x00007ffacb1f0000 - 0x00007ffacb432000 	C:\WINDOWS\SYSTEM32\DBGHELP.DLL
0x00007ffaceb80000 - 0x00007ffacef03000 	C:\WINDOWS\System32\combase.dll
0x00007ffaceaa0000 - 0x00007ffaceb79000 	C:\WINDOWS\System32\OLEAUT32.dll
0x00007ffa88400000 - 0x00007ffa8843b000 	C:\WINDOWS\SYSTEM32\dbgcore.DLL
0x00007fface510000 - 0x00007fface5bc000 	C:\WINDOWS\System32\bcryptPrimitives.dll
0x00007ffac28f0000 - 0x00007ffac2915000 	C:\Program Files\Java\jdk-17\bin\java.dll
0x00007ffa78950000 - 0x00007ffa78a27000 	C:\Program Files\Java\jdk-17\bin\jsvml.dll
0x00007ffacef10000 - 0x00007ffacf6a2000 	C:\WINDOWS\System32\SHELL32.dll
0x00007ffacb520000 - 0x00007ffacbdb2000 	C:\WINDOWS\SYSTEM32\windows.storage.dll
0x00007ffacf9b0000 - 0x00007ffacfaa7000 	C:\WINDOWS\System32\SHCORE.dll
0x00007ffacf6b0000 - 0x00007ffacf717000 	C:\WINDOWS\System32\shlwapi.dll
0x00007ffacd9e0000 - 0x00007ffacda09000 	C:\WINDOWS\SYSTEM32\profapi.dll
0x00007ffac20e0000 - 0x00007ffac20f9000 	C:\Program Files\Java\jdk-17\bin\net.dll
0x00007ffabfb20000 - 0x00007ffabfc47000 	C:\WINDOWS\SYSTEM32\WINHTTP.dll
0x00007ffaccd50000 - 0x00007ffaccdbc000 	C:\WINDOWS\system32\mswsock.dll
0x00007ffac01d0000 - 0x00007ffac01e6000 	C:\Program Files\Java\jdk-17\bin\nio.dll
0x00007ffac2bc0000 - 0x00007ffac2bd8000 	C:\Program Files\Java\jdk-17\bin\zip.dll
0x00007ffab0030000 - 0x00007ffab0040000 	C:\Program Files\Java\jdk-17\bin\verify.dll

dbghelp: loaded successfully - version: 4.0.5 - missing functions: none
symbol engine: initialized successfully - sym options: 0x614 - pdb path: .;C:\Program Files\Java\jdk-17\bin;C:\WINDOWS\SYSTEM32;C:\WINDOWS\WinSxS\amd64_microsoft.windows.common-controls_6595b64144ccf1df_6.0.26100.8875_none_3e0d5d42e32fe9dd;C:\Program Files\Java\jdk-17\bin\server

VM Arguments:
jvm_args: -Dapplication.home=C:\Program Files\Java\jdk-17 --add-modules=ALL-DEFAULT -Xms8m -Djdk.module.main=jdk.compiler 
java_command: jdk.compiler/com.sun.tools.javac.Main @C:/Users/komat/AppData/Local/Temp/org.codehaus.plexus.compiler.javac.JavacCompiler162169092464978358arguments
java_class_path (initial): <not set>
Launcher Type: SUN_STANDARD

[Global flags]
     intx CICompilerCount                          = 4                                         {product} {ergonomic}
     uint ConcGCThreads                            = 3                                         {product} {ergonomic}
     uint G1ConcRefinementThreads                  = 10                                        {product} {ergonomic}
   size_t G1HeapRegionSize                         = 4194304                                   {product} {ergonomic}
    uintx GCDrainStackTargetSize                   = 64                                        {product} {ergonomic}
   size_t InitialHeapSize                          = 8388608                                   {product} {command line}
   size_t MarkStackSize                            = 4194304                                   {product} {ergonomic}
   size_t MaxHeapSize                              = 6350176256                                {product} {ergonomic}
   size_t MaxNewSize                               = 3808428032                                {product} {ergonomic}
   size_t MinHeapDeltaBytes                        = 4194304                                   {product} {ergonomic}
   size_t MinHeapSize                              = 8388608                                   {product} {command line}
    uintx NonNMethodCodeHeapSize                   = 5839372                                {pd product} {ergonomic}
    uintx NonProfiledCodeHeapSize                  = 122909434                              {pd product} {ergonomic}
    uintx ProfiledCodeHeapSize                     = 122909434                              {pd product} {ergonomic}
    uintx ReservedCodeCacheSize                    = 251658240                              {pd product} {ergonomic}
     bool SegmentedCodeCache                       = true                                      {product} {ergonomic}
   size_t SoftMaxHeapSize                          = 6350176256                             {manageable} {ergonomic}
     bool UseCompressedClassPointers               = true                           {product lp64_product} {ergonomic}
     bool UseCompressedOops                        = true                           {product lp64_product} {ergonomic}
     bool UseG1GC                                  = true                                      {product} {ergonomic}
     bool UseLargePagesIndividualAllocation        = false                                  {pd product} {ergonomic}

Logging:
Log output configuration:
 #0: stdout all=warning uptime,level,tags
 #1: stderr all=off uptime,level,tags

Environment Variables:
JAVA_HOME=C:\Program Files\Java\jdk-17
PATH=C:\Python314\Scripts\;C:\Python314\;C:\Program Files\Common Files\Oracle\Java\javapath;C:\WINDOWS\system32;C:\WINDOWS;C:\WINDOWS\System32\Wbem;C:\WINDOWS\System32\WindowsPowerShell\v1.0\;C:\WINDOWS\System32\OpenSSH\;C:\Program Files\Microsoft SQL Server\130\Tools\Binn\;C:\Program Files\Microsoft SQL Server\Client SDK\ODBC\170\Tools\Binn\;C:\Program Files (x86)\Microsoft SQL Server\150\Tools\Binn\;C:\Program Files\Microsoft SQL Server\150\Tools\Binn\;C:\Program Files\Microsoft SQL Server\150\DTS\Binn\;C:\Program Files (x86)\Microsoft SQL Server\160\DTS\Binn\;C:\Users\komat\.dnx\bin;C:\Program Files\Microsoft DNX\Dnvm\;C:\Program Files\Microsoft\Web Platform Installer\;C:\Program Files\nodejs\;C:\ProgramData\chocolatey\bin;C:\Program Files\dotnet\;C:\Program Files\Microsoft SQL Server\170\Tools\Binn\;C:\Program Files\Java\jdk-17\bin;C:\Program Files\Git\cmd;C:\Program Files\apache-maven-3.9.12\bin;C:\Program Files\Redis\;C:\Users\komat\.local\bin;C:\Program Files\apache-ant-1.10.15;C:\Program Files\apache-tomcat-10.1.53;C:\Program Files\WinDirStat\;C:\Program Files\PowerShell\7\;C:\Users\komat\.cargo\bin;C:\Users\komat\AppData\Local\Microsoft\WindowsApps;C:\karthickworkspace\fluttersdks\flutter\bin;C:\Users\komat\AppData\Roaming\npm;C:\Users\komat\.dotnet\tools;C:\Program Files\JetBrains\IntelliJ IDEA 2025.3.2\bin;C:\Program Files\Java\jdk-17\bin;C:\Program Files\apache-maven-3.9.12\bin;C:\Users\komat\AppData\Local\Microsoft\WinGet\Links;C:\Program Files\JetBrains\WebStorm 2025.3.3\bin;C:\Users\komat\AppData\Local\Programs\Antigravity\bin;C:\Users\komat\AppData\Local\Programs\Ollama;C:\Users\komat\AppData\Local\Programs\Microsoft VS Code\bin;C:\Users\komat\AppData\Local\Programs\Antigravity IDE\bin;C:\Users\komat\.shorebird\bin;C:\Users\komat\AppData\Local\github-copilot\jetbrains-terminal\copilot-cli-shim\v1
USERNAME=komat
OS=Windows_NT
PROCESSOR_IDENTIFIER=Intel64 Family 6 Model 186 Stepping 3, GenuineIntel



---------------  S Y S T E M  ---------------

OS:
 Windows 11 , 64 bit Build 26100 (10.0.26100.8875)
OS uptime: 24 days 2:00 hours
Hyper-V role detected

CPU: total 12 (initial active 12) (6 cores per cpu, 2 threads per core) family 6 model 186 stepping 3 microcode 0x6134, cx8, cmov, fxsr, ht, mmx, 3dnowpref, sse, sse2, sse3, ssse3, sse4.1, sse4.2, popcnt, lzcnt, tsc, tscinvbit, avx, avx2, aes, erms, clmul, bmi1, bmi2, adx, sha, fma, vzeroupper, clflush, clflushopt, clwb, hv

Memory: 4k page, system-wide physical 24219M (1609M free)
TotalPageFile size 85108M (AvailPageFile size 22M)
current process WorkingSet (physical memory assigned to process): 2245M, peak: 2245M
current process commit charge ("private bytes"): 2350M, peak: 2946M

vm_info: Java HotSpot(TM) 64-Bit Server VM (17.0.12+8-LTS-286) for windows-amd64 JRE (17.0.12+8-LTS-286), built on Jun  5 2024 06:46:59 by "mach5one" with MS VC++ 17.6 (VS2022)

END.
