#
# There is insufficient memory for the Java Runtime Environment to continue.
# Native memory allocation (malloc) failed to allocate 1895856 bytes for Chunk::new
# Possible reasons:
#   The system is out of physical RAM or swap space
#   The process is running with CompressedOops enabled, and the Java Heap may be blocking the growth of the native heap
# Possible solutions:
#   Reduce memory load on the system
#   Increase physical memory or swap space
#   Check if swap backing store is full
#   Decrease Java heap size (-Xmx/-Xms)
#   Decrease number of Java threads
#   Decrease Java thread stack sizes (-Xss)
#   Set larger code cache with -XX:ReservedCodeCacheSize=
#   JVM is running with Zero Based Compressed Oops mode in which the Java heap is
#     placed in the first 32GB address space. The Java Heap base address is the
#     maximum limit for the native heap growth. Please use -XX:HeapBaseMinAddress
#     to set the Java Heap base and to place the Java Heap above 32GB virtual address.
# This output file may be truncated or incomplete.
#
#  Out of Memory Error (arena.cpp:189), pid=1924, tid=33572
#
# JRE version: Java(TM) SE Runtime Environment (17.0.12+8) (build 17.0.12+8-LTS-286)
# Java VM: Java HotSpot(TM) 64-Bit Server VM (17.0.12+8-LTS-286, mixed mode, sharing, tiered, compressed oops, compressed class ptrs, g1 gc, windows-amd64)
# No core dump will be written. Minidumps are not enabled by default on client versions of Windows
#

---------------  S U M M A R Y ------------

Command Line: -Dapplication.home=C:\Program Files\Java\jdk-17 --add-modules=ALL-DEFAULT -Xms8m -Djdk.module.main=jdk.compiler jdk.compiler/com.sun.tools.javac.Main @C:/Users/komat/AppData/Local/Temp/org.codehaus.plexus.compiler.javac.JavacCompiler613574364670159721arguments

Host: 13th Gen Intel(R) Core(TM) i5-1334U, 12 cores, 23G,  Windows 11 , 64 bit Build 26100 (10.0.26100.8875)
Time: Thu Aug 13 17:00:30 2026 Malay Peninsula Standard Time elapsed time: 48.113429 seconds (0d 0h 0m 48s)

---------------  T H R E A D  ---------------

Current thread (0x000001eadfeb5420):  JavaThread "C2 CompilerThread0" daemon [_thread_in_native, id=33572, stack(0x0000004b64700000,0x0000004b64800000)]


Current CompileTask:
C2:  48113 12127       4       com.sun.tools.javac.comp.Resolve::isAccessible (394 bytes)

Stack: [0x0000004b64700000,0x0000004b64800000]
Native frames: (J=compiled Java code, j=interpreted, Vv=VM code, C=native code)
V  [jvm.dll+0x67a04a]
V  [jvm.dll+0x7da4ed]
V  [jvm.dll+0x7dbe33]
V  [jvm.dll+0x7dc4a3]
V  [jvm.dll+0x24508f]
V  [jvm.dll+0xab773]
V  [jvm.dll+0xabd3c]
V  [jvm.dll+0x361b9f]
V  [jvm.dll+0x32c431]
V  [jvm.dll+0x32b8ca]
V  [jvm.dll+0x21683f]
V  [jvm.dll+0x215c6f]
V  [jvm.dll+0x1a2960]
V  [jvm.dll+0x22610b]
V  [jvm.dll+0x2242ab]
V  [jvm.dll+0x79075c]
V  [jvm.dll+0x78abea]
V  [jvm.dll+0x678f35]
C  [ucrtbase.dll+0x2cd30]
C  [KERNEL32.DLL+0x2e957]
C  [ntdll.dll+0xaad6c]


---------------  P R O C E S S  ---------------

Threads class SMR info:
_java_thread_list=0x000001eb27333130, length=14, elements={
0x000001eab8385530, 0x000001eadfe6df80, 0x000001eadfe6f6b0, 0x000001eadfe889c0,
0x000001eadfe89380, 0x000001eadfe91d50, 0x000001eadfeb2720, 0x000001eadfeb5420,
0x000001eadfeb8ef0, 0x000001eadfebb900, 0x000001eb251b94a0, 0x000001eb251b8f90,
0x000001eb2729b070, 0x000001eb27299b30
}

Java Threads: ( => current thread )
  0x000001eab8385530 JavaThread "main" [_thread_in_native, id=46188, stack(0x0000004b63a00000,0x0000004b63b00000)]
  0x000001eadfe6df80 JavaThread "Reference Handler" daemon [_thread_blocked, id=11304, stack(0x0000004b64100000,0x0000004b64200000)]
  0x000001eadfe6f6b0 JavaThread "Finalizer" daemon [_thread_blocked, id=11536, stack(0x0000004b64200000,0x0000004b64300000)]
  0x000001eadfe889c0 JavaThread "Signal Dispatcher" daemon [_thread_blocked, id=21684, stack(0x0000004b64300000,0x0000004b64400000)]
  0x000001eadfe89380 JavaThread "Attach Listener" daemon [_thread_blocked, id=20352, stack(0x0000004b64400000,0x0000004b64500000)]
  0x000001eadfe91d50 JavaThread "Service Thread" daemon [_thread_blocked, id=13592, stack(0x0000004b64500000,0x0000004b64600000)]
  0x000001eadfeb2720 JavaThread "Monitor Deflation Thread" daemon [_thread_blocked, id=40268, stack(0x0000004b64600000,0x0000004b64700000)]
=>0x000001eadfeb5420 JavaThread "C2 CompilerThread0" daemon [_thread_in_native, id=33572, stack(0x0000004b64700000,0x0000004b64800000)]
  0x000001eadfeb8ef0 JavaThread "C1 CompilerThread0" daemon [_thread_blocked, id=23224, stack(0x0000004b64800000,0x0000004b64900000)]
  0x000001eadfebb900 JavaThread "Sweeper thread" daemon [_thread_blocked, id=25480, stack(0x0000004b64900000,0x0000004b64a00000)]
  0x000001eb251b94a0 JavaThread "Common-Cleaner" daemon [_thread_blocked, id=36336, stack(0x0000004b64a00000,0x0000004b64b00000)]
  0x000001eb251b8f90 JavaThread "Notification Thread" daemon [_thread_blocked, id=14096, stack(0x0000004b64b00000,0x0000004b64c00000)]
  0x000001eb2729b070 JavaThread "C2 CompilerThread1" daemon [_thread_in_native, id=2452, stack(0x0000004b63700000,0x0000004b63800000)]
  0x000001eb27299b30 JavaThread "C2 CompilerThread2" daemon [_thread_in_native, id=17416, stack(0x0000004b66000000,0x0000004b66100000)]

Other Threads:
  0x000001eadfe68960 VMThread "VM Thread" [stack: 0x0000004b64000000,0x0000004b64100000] [id=41568]
  0x000001eab842a860 WatcherThread [stack: 0x0000004b64c00000,0x0000004b64d00000] [id=28488]
  0x000001eab840e750 GCTaskThread "GC Thread#0" [stack: 0x0000004b63b00000,0x0000004b63c00000] [id=40808]
  0x000001eb254b3990 GCTaskThread "GC Thread#1" [stack: 0x0000004b64f00000,0x0000004b65000000] [id=3804]
  0x000001eb254b3e90 GCTaskThread "GC Thread#2" [stack: 0x0000004b65000000,0x0000004b65100000] [id=42244]
  0x000001eb25467c20 GCTaskThread "GC Thread#3" [stack: 0x0000004b65100000,0x0000004b65200000] [id=47264]
  0x000001eb253a4bf0 GCTaskThread "GC Thread#4" [stack: 0x0000004b65200000,0x0000004b65300000] [id=17196]
  0x000001eb25930490 GCTaskThread "GC Thread#5" [stack: 0x0000004b65500000,0x0000004b65600000] [id=14296]
  0x000001eb27789c90 GCTaskThread "GC Thread#6" [stack: 0x0000004b65600000,0x0000004b65700000] [id=7740]
  0x000001eb2935ba90 GCTaskThread "GC Thread#7" [stack: 0x0000004b65700000,0x0000004b65800000] [id=8664]
  0x000001eb2935d610 GCTaskThread "GC Thread#8" [stack: 0x0000004b64d00000,0x0000004b64e00000] [id=7640]
  0x000001eb2935aa10 GCTaskThread "GC Thread#9" [stack: 0x0000004b64e00000,0x0000004b64f00000] [id=9392]
  0x000001eab841b3e0 ConcurrentGCThread "G1 Main Marker" [stack: 0x0000004b63c00000,0x0000004b63d00000] [id=44000]
  0x000001eab841cac0 ConcurrentGCThread "G1 Conc#0" [stack: 0x0000004b63d00000,0x0000004b63e00000] [id=33448]
  0x000001eb25606d70 ConcurrentGCThread "G1 Conc#1" [stack: 0x0000004b65300000,0x0000004b65400000] [id=48640]
  0x000001eb25607030 ConcurrentGCThread "G1 Conc#2" [stack: 0x0000004b65400000,0x0000004b65500000] [id=27252]
  0x000001eab844dd60 ConcurrentGCThread "G1 Refine#0" [stack: 0x0000004b63e00000,0x0000004b63f00000] [id=45644]
  0x000001eb291b2740 ConcurrentGCThread "G1 Refine#1" [stack: 0x0000004b65800000,0x0000004b65900000] [id=33636]
  0x000001eb265ad510 ConcurrentGCThread "G1 Refine#2" [stack: 0x0000004b65900000,0x0000004b65a00000] [id=11212]
  0x000001eb27b05c10 ConcurrentGCThread "G1 Refine#3" [stack: 0x0000004b65a00000,0x0000004b65b00000] [id=15428]
  0x000001eb2771e6b0 ConcurrentGCThread "G1 Refine#4" [stack: 0x0000004b65b00000,0x0000004b65c00000] [id=47588]
  0x000001eb2771eed0 ConcurrentGCThread "G1 Refine#5" [stack: 0x0000004b65c00000,0x0000004b65d00000] [id=15768]
  0x000001eb25a6dd80 ConcurrentGCThread "G1 Refine#6" [stack: 0x0000004b65d00000,0x0000004b65e00000] [id=43828]
  0x000001eb28b33580 ConcurrentGCThread "G1 Refine#7" [stack: 0x0000004b65e00000,0x0000004b65f00000] [id=47968]
  0x000001eb28ccdae0 ConcurrentGCThread "G1 Refine#8" [stack: 0x0000004b65f00000,0x0000004b66000000] [id=16532]
  0x000001eb275234c0 ConcurrentGCThread "G1 Refine#9" [stack: 0x0000004b66200000,0x0000004b66300000] [id=49880]
  0x000001eab844e630 ConcurrentGCThread "G1 Service" [stack: 0x0000004b63f00000,0x0000004b64000000] [id=17896]

Threads with active compile tasks:
C2 CompilerThread0    48142 12127       4       com.sun.tools.javac.comp.Resolve::isAccessible (394 bytes)
C2 CompilerThread1    48143 12354       4       com.sun.tools.javac.comp.Resolve::rawInstantiate (508 bytes)
C2 CompilerThread2    48143 12201       4       com.sun.tools.javac.code.Symbol$MethodSymbol::implementation (11 bytes)

VM state: not at safepoint (normal execution)

VM Mutex/Monitor currently owned by a thread: None

Heap address: 0x0000000685800000, size: 6056 MB, Compressed Oops mode: Zero based, Oop shift amount: 3

CDS archive(s) mapped at: [0x000001eae0000000-0x000001eae0bd0000-0x000001eae0bd0000), size 12386304, SharedBaseAddress: 0x000001eae0000000, ArchiveRelocationMode: 1.
Compressed class space mapped at: 0x000001eae1000000-0x000001eb21000000, reserved size: 1073741824
Narrow klass base: 0x000001eae0000000, Narrow klass shift: 0, Narrow klass range: 0x100000000

GC Precious Log:
 CPUs: 12 total, 12 available
 Memory: 24219M
 Large Page Support: Disabled
 NUMA Support: Disabled
 Compressed Oops: Enabled (Zero based)
 Heap Region Size: 4M
 Heap Min Capacity: 8M
 Heap Initial Capacity: 8M
 Heap Max Capacity: 6056M
 Pre-touch: Disabled
 Parallel Workers: 10
 Concurrent Workers: 3
 Concurrent Refinement Workers: 10
 Periodic GC: Disabled

Heap:
 garbage-first heap   total 2600960K, used 1583034K [0x0000000685800000, 0x0000000800000000)
  region size 4096K, 311 young (1273856K), 6 survivors (24576K)
 Metaspace       used 24934K, committed 25280K, reserved 1114112K
  class space    used 2550K, committed 2752K, reserved 1048576K

Heap Regions: E=young(eden), S=young(survivor), O=old, HS=humongous(starts), HC=humongous(continues), CS=collection set, F=free, OA=open archive, CA=closed archive, TAMS=top-at-mark-start (previous, next)
|   0|0x0000000685800000, 0x0000000685c00000, 0x0000000685c00000|100%| O|  |TAMS 0x0000000685c00000, 0x0000000685800000| Untracked 
|   1|0x0000000685c00000, 0x0000000686000000, 0x0000000686000000|100%| O|  |TAMS 0x0000000686000000, 0x0000000685c00000| Untracked 
|   2|0x0000000686000000, 0x0000000686400000, 0x0000000686400000|100%| O|  |TAMS 0x0000000686400000, 0x0000000686000000| Untracked 
|   3|0x0000000686400000, 0x0000000686800000, 0x0000000686800000|100%| O|  |TAMS 0x0000000686800000, 0x0000000686400000| Untracked 
|   4|0x0000000686800000, 0x0000000686c00000, 0x0000000686c00000|100%| O|  |TAMS 0x0000000686c00000, 0x0000000686800000| Untracked 
|   5|0x0000000686c00000, 0x0000000687000000, 0x0000000687000000|100%| O|  |TAMS 0x0000000687000000, 0x0000000686c00000| Untracked 
|   6|0x0000000687000000, 0x0000000687400000, 0x0000000687400000|100%| O|  |TAMS 0x0000000687400000, 0x0000000687000000| Untracked 
|   7|0x0000000687400000, 0x0000000687800000, 0x0000000687800000|100%| O|  |TAMS 0x0000000687800000, 0x0000000687400000| Untracked 
|   8|0x0000000687800000, 0x0000000687c00000, 0x0000000687c00000|100%| O|  |TAMS 0x0000000687c00000, 0x0000000687800000| Untracked 
|   9|0x0000000687c00000, 0x0000000688000000, 0x0000000688000000|100%| O|  |TAMS 0x0000000688000000, 0x0000000687c00000| Untracked 
|  10|0x0000000688000000, 0x0000000688400000, 0x0000000688400000|100%| O|  |TAMS 0x0000000688400000, 0x0000000688000000| Untracked 
|  11|0x0000000688400000, 0x0000000688800000, 0x0000000688800000|100%| O|  |TAMS 0x0000000688800000, 0x0000000688400000| Untracked 
|  12|0x0000000688800000, 0x0000000688c00000, 0x0000000688c00000|100%| O|  |TAMS 0x0000000688c00000, 0x0000000688800000| Untracked 
|  13|0x0000000688c00000, 0x0000000689000000, 0x0000000689000000|100%| O|  |TAMS 0x0000000689000000, 0x0000000688c00000| Untracked 
|  14|0x0000000689000000, 0x0000000689000000, 0x0000000689400000|  0%| F|  |TAMS 0x0000000689000000, 0x0000000689000000| Untracked 
|  15|0x0000000689400000, 0x0000000689800000, 0x0000000689800000|100%| O|  |TAMS 0x0000000689800000, 0x0000000689400000| Untracked 
|  16|0x0000000689800000, 0x0000000689c00000, 0x0000000689c00000|100%|HS|  |TAMS 0x0000000689c00000, 0x0000000689800000| Complete 
|  17|0x0000000689c00000, 0x000000068a000000, 0x000000068a000000|100%| O|  |TAMS 0x000000068a000000, 0x0000000689c00000| Untracked 
|  18|0x000000068a000000, 0x000000068a400000, 0x000000068a400000|100%| O|  |TAMS 0x000000068a400000, 0x000000068a000000| Untracked 
|  19|0x000000068a400000, 0x000000068a800000, 0x000000068a800000|100%| O|  |TAMS 0x000000068a800000, 0x000000068a400000| Untracked 
|  20|0x000000068a800000, 0x000000068ac00000, 0x000000068ac00000|100%| O|  |TAMS 0x000000068ac00000, 0x000000068a800000| Untracked 
|  21|0x000000068ac00000, 0x000000068ac00000, 0x000000068b000000|  0%| F|  |TAMS 0x000000068ac00000, 0x000000068ac00000| Untracked 
|  22|0x000000068b000000, 0x000000068b400000, 0x000000068b400000|100%| O|  |TAMS 0x000000068b400000, 0x000000068b000000| Untracked 
|  23|0x000000068b400000, 0x000000068b800000, 0x000000068b800000|100%| O|  |TAMS 0x000000068b800000, 0x000000068b400000| Untracked 
|  24|0x000000068b800000, 0x000000068bc00000, 0x000000068bc00000|100%| O|  |TAMS 0x000000068bc00000, 0x000000068b800000| Untracked 
|  25|0x000000068bc00000, 0x000000068c000000, 0x000000068c000000|100%| O|  |TAMS 0x000000068bc00000, 0x000000068bc00000| Untracked 
|  26|0x000000068c000000, 0x000000068c400000, 0x000000068c400000|100%| O|  |TAMS 0x000000068c400000, 0x000000068c000000| Untracked 
|  27|0x000000068c400000, 0x000000068c800000, 0x000000068c800000|100%| O|  |TAMS 0x000000068c800000, 0x000000068c400000| Untracked 
|  28|0x000000068c800000, 0x000000068cc00000, 0x000000068cc00000|100%| O|  |TAMS 0x000000068c800000, 0x000000068c800000| Untracked 
|  29|0x000000068cc00000, 0x000000068d000000, 0x000000068d000000|100%| O|  |TAMS 0x000000068cc00000, 0x000000068cc00000| Untracked 
|  30|0x000000068d000000, 0x000000068d400000, 0x000000068d400000|100%| O|  |TAMS 0x000000068d400000, 0x000000068d000000| Untracked 
|  31|0x000000068d400000, 0x000000068d800000, 0x000000068d800000|100%| O|  |TAMS 0x000000068d800000, 0x000000068d400000| Untracked 
|  32|0x000000068d800000, 0x000000068dc00000, 0x000000068dc00000|100%| O|  |TAMS 0x000000068dc00000, 0x000000068d800000| Untracked 
|  33|0x000000068dc00000, 0x000000068e000000, 0x000000068e000000|100%| O|  |TAMS 0x000000068e000000, 0x000000068dc00000| Untracked 
|  34|0x000000068e000000, 0x000000068e400000, 0x000000068e400000|100%| O|  |TAMS 0x000000068e400000, 0x000000068e000000| Untracked 
|  35|0x000000068e400000, 0x000000068e800000, 0x000000068e800000|100%| O|  |TAMS 0x000000068e800000, 0x000000068e400000| Untracked 
|  36|0x000000068e800000, 0x000000068ec00000, 0x000000068ec00000|100%| O|  |TAMS 0x000000068ec00000, 0x000000068e800000| Untracked 
|  37|0x000000068ec00000, 0x000000068f000000, 0x000000068f000000|100%|HS|  |TAMS 0x000000068f000000, 0x000000068ec00000| Complete 
|  38|0x000000068f000000, 0x000000068f400000, 0x000000068f400000|100%|HC|  |TAMS 0x000000068f400000, 0x000000068f000000| Complete 
|  39|0x000000068f400000, 0x000000068f800000, 0x000000068f800000|100%|HC|  |TAMS 0x000000068f800000, 0x000000068f400000| Complete 
|  40|0x000000068f800000, 0x000000068fc00000, 0x000000068fc00000|100%| O|  |TAMS 0x000000068fc00000, 0x000000068f800000| Untracked 
|  41|0x000000068fc00000, 0x0000000690000000, 0x0000000690000000|100%| O|  |TAMS 0x0000000690000000, 0x000000068fc00000| Untracked 
|  42|0x0000000690000000, 0x0000000690400000, 0x0000000690400000|100%| O|  |TAMS 0x0000000690400000, 0x0000000690000000| Untracked 
|  43|0x0000000690400000, 0x0000000690800000, 0x0000000690800000|100%| O|  |TAMS 0x0000000690800000, 0x0000000690400000| Untracked 
|  44|0x0000000690800000, 0x0000000690c00000, 0x0000000690c00000|100%| O|  |TAMS 0x0000000690c00000, 0x0000000690800000| Untracked 
|  45|0x0000000690c00000, 0x0000000691000000, 0x0000000691000000|100%| O|  |TAMS 0x0000000691000000, 0x0000000690c00000| Untracked 
|  46|0x0000000691000000, 0x0000000691400000, 0x0000000691400000|100%| O|  |TAMS 0x0000000691400000, 0x0000000691000000| Untracked 
|  47|0x0000000691400000, 0x0000000691800000, 0x0000000691800000|100%| O|  |TAMS 0x0000000691800000, 0x0000000691400000| Untracked 
|  48|0x0000000691800000, 0x0000000691c00000, 0x0000000691c00000|100%| O|  |TAMS 0x0000000691c00000, 0x0000000691800000| Untracked 
|  49|0x0000000691c00000, 0x0000000692000000, 0x0000000692000000|100%| O|  |TAMS 0x0000000692000000, 0x0000000691c00000| Untracked 
|  50|0x0000000692000000, 0x0000000692400000, 0x0000000692400000|100%| O|  |TAMS 0x0000000692400000, 0x0000000692000000| Untracked 
|  51|0x0000000692400000, 0x0000000692800000, 0x0000000692800000|100%| O|  |TAMS 0x0000000692800000, 0x0000000692400000| Untracked 
|  52|0x0000000692800000, 0x0000000692c00000, 0x0000000692c00000|100%| O|  |TAMS 0x0000000692c00000, 0x0000000692800000| Untracked 
|  53|0x0000000692c00000, 0x0000000692c00000, 0x0000000693000000|  0%| F|  |TAMS 0x0000000692c00000, 0x0000000692c00000| Untracked 
|  54|0x0000000693000000, 0x0000000693400000, 0x0000000693400000|100%| O|  |TAMS 0x0000000693000000, 0x0000000693000000| Untracked 
|  55|0x0000000693400000, 0x0000000693800000, 0x0000000693800000|100%| O|  |TAMS 0x0000000693400000, 0x0000000693400000| Untracked 
|  56|0x0000000693800000, 0x0000000693c00000, 0x0000000693c00000|100%| O|  |TAMS 0x0000000693800000, 0x0000000693800000| Untracked 
|  57|0x0000000693c00000, 0x0000000693c00000, 0x0000000694000000|  0%| F|  |TAMS 0x0000000693c00000, 0x0000000693c00000| Untracked 
|  58|0x0000000694000000, 0x0000000694000000, 0x0000000694400000|  0%| F|  |TAMS 0x0000000694000000, 0x0000000694000000| Untracked 
|  59|0x0000000694400000, 0x0000000694400000, 0x0000000694800000|  0%| F|  |TAMS 0x0000000694400000, 0x0000000694400000| Untracked 
|  60|0x0000000694800000, 0x0000000694800000, 0x0000000694c00000|  0%| F|  |TAMS 0x0000000694800000, 0x0000000694800000| Untracked 
|  61|0x0000000694c00000, 0x0000000694c00000, 0x0000000695000000|  0%| F|  |TAMS 0x0000000694c00000, 0x0000000694c00000| Untracked 
|  62|0x0000000695000000, 0x0000000695000000, 0x0000000695400000|  0%| F|  |TAMS 0x0000000695000000, 0x0000000695000000| Untracked 
|  63|0x0000000695400000, 0x0000000695400000, 0x0000000695800000|  0%| F|  |TAMS 0x0000000695400000, 0x0000000695400000| Untracked 
|  64|0x0000000695800000, 0x0000000695800000, 0x0000000695c00000|  0%| F|  |TAMS 0x0000000695800000, 0x0000000695800000| Untracked 
|  65|0x0000000695c00000, 0x0000000695c00000, 0x0000000696000000|  0%| F|  |TAMS 0x0000000695c00000, 0x0000000695c00000| Untracked 
|  66|0x0000000696000000, 0x0000000696000000, 0x0000000696400000|  0%| F|  |TAMS 0x0000000696000000, 0x0000000696000000| Untracked 
|  67|0x0000000696400000, 0x0000000696400000, 0x0000000696800000|  0%| F|  |TAMS 0x0000000696400000, 0x0000000696400000| Untracked 
|  68|0x0000000696800000, 0x0000000696800000, 0x0000000696c00000|  0%| F|  |TAMS 0x0000000696800000, 0x0000000696800000| Untracked 
|  69|0x0000000696c00000, 0x0000000696c00000, 0x0000000697000000|  0%| F|  |TAMS 0x0000000696c00000, 0x0000000696c00000| Untracked 
|  70|0x0000000697000000, 0x0000000697000000, 0x0000000697400000|  0%| F|  |TAMS 0x0000000697000000, 0x0000000697000000| Untracked 
|  71|0x0000000697400000, 0x0000000697400000, 0x0000000697800000|  0%| F|  |TAMS 0x0000000697400000, 0x0000000697400000| Untracked 
|  72|0x0000000697800000, 0x0000000697800000, 0x0000000697c00000|  0%| F|  |TAMS 0x0000000697800000, 0x0000000697800000| Untracked 
|  73|0x0000000697c00000, 0x0000000697c00000, 0x0000000698000000|  0%| F|  |TAMS 0x0000000697c00000, 0x0000000697c00000| Untracked 
|  74|0x0000000698000000, 0x0000000698000000, 0x0000000698400000|  0%| F|  |TAMS 0x0000000698000000, 0x0000000698000000| Untracked 
|  75|0x0000000698400000, 0x0000000698400000, 0x0000000698800000|  0%| F|  |TAMS 0x0000000698400000, 0x0000000698400000| Untracked 
|  76|0x0000000698800000, 0x0000000698800000, 0x0000000698c00000|  0%| F|  |TAMS 0x0000000698800000, 0x0000000698800000| Untracked 
|  77|0x0000000698c00000, 0x0000000698c00000, 0x0000000699000000|  0%| F|  |TAMS 0x0000000698c00000, 0x0000000698c00000| Untracked 
|  78|0x0000000699000000, 0x0000000699000000, 0x0000000699400000|  0%| F|  |TAMS 0x0000000699000000, 0x0000000699000000| Untracked 
|  79|0x0000000699400000, 0x0000000699400000, 0x0000000699800000|  0%| F|  |TAMS 0x0000000699400000, 0x0000000699400000| Untracked 
|  80|0x0000000699800000, 0x0000000699800000, 0x0000000699c00000|  0%| F|  |TAMS 0x0000000699800000, 0x0000000699800000| Untracked 
|  81|0x0000000699c00000, 0x0000000699c00000, 0x000000069a000000|  0%| F|  |TAMS 0x0000000699c00000, 0x0000000699c00000| Untracked 
|  82|0x000000069a000000, 0x000000069a400000, 0x000000069a400000|100%| O|  |TAMS 0x000000069a000000, 0x000000069a000000| Untracked 
|  83|0x000000069a400000, 0x000000069a800000, 0x000000069a800000|100%| O|  |TAMS 0x000000069a400000, 0x000000069a400000| Untracked 
|  84|0x000000069a800000, 0x000000069ac00000, 0x000000069ac00000|100%| O|  |TAMS 0x000000069a800000, 0x000000069a800000| Untracked 
|  85|0x000000069ac00000, 0x000000069b000000, 0x000000069b000000|100%| O|  |TAMS 0x000000069ac00000, 0x000000069ac00000| Untracked 
|  86|0x000000069b000000, 0x000000069b400000, 0x000000069b400000|100%| O|  |TAMS 0x000000069b000000, 0x000000069b000000| Untracked 
|  87|0x000000069b400000, 0x000000069b800000, 0x000000069b800000|100%| O|  |TAMS 0x000000069b400000, 0x000000069b400000| Untracked 
|  88|0x000000069b800000, 0x000000069bc00000, 0x000000069bc00000|100%| O|  |TAMS 0x000000069b800000, 0x000000069b800000| Untracked 
|  89|0x000000069bc00000, 0x000000069c000000, 0x000000069c000000|100%| O|  |TAMS 0x000000069bc00000, 0x000000069bc00000| Untracked 
|  90|0x000000069c000000, 0x000000069c400000, 0x000000069c400000|100%| O|  |TAMS 0x000000069c000000, 0x000000069c000000| Untracked 
|  91|0x000000069c400000, 0x000000069c800000, 0x000000069c800000|100%| O|  |TAMS 0x000000069c400000, 0x000000069c400000| Untracked 
|  92|0x000000069c800000, 0x000000069cc00000, 0x000000069cc00000|100%| O|  |TAMS 0x000000069c800000, 0x000000069c800000| Untracked 
|  93|0x000000069cc00000, 0x000000069d000000, 0x000000069d000000|100%| O|  |TAMS 0x000000069cc00000, 0x000000069cc00000| Untracked 
|  94|0x000000069d000000, 0x000000069d400000, 0x000000069d400000|100%| O|  |TAMS 0x000000069d000000, 0x000000069d000000| Untracked 
|  95|0x000000069d400000, 0x000000069d800000, 0x000000069d800000|100%| O|  |TAMS 0x000000069d400000, 0x000000069d400000| Untracked 
|  96|0x000000069d800000, 0x000000069dc00000, 0x000000069dc00000|100%| O|  |TAMS 0x000000069d800000, 0x000000069d800000| Untracked 
|  97|0x000000069dc00000, 0x000000069e000000, 0x000000069e000000|100%| O|  |TAMS 0x000000069dc00000, 0x000000069dc00000| Untracked 
|  98|0x000000069e000000, 0x000000069e400000, 0x000000069e400000|100%| O|  |TAMS 0x000000069e000000, 0x000000069e000000| Untracked 
|  99|0x000000069e400000, 0x000000069e800000, 0x000000069e800000|100%| O|  |TAMS 0x000000069e400000, 0x000000069e400000| Untracked 
| 100|0x000000069e800000, 0x000000069ec00000, 0x000000069ec00000|100%| O|  |TAMS 0x000000069e800000, 0x000000069e800000| Untracked 
| 101|0x000000069ec00000, 0x000000069f000000, 0x000000069f000000|100%| O|  |TAMS 0x000000069ec00000, 0x000000069ec00000| Untracked 
| 102|0x000000069f000000, 0x000000069f400000, 0x000000069f400000|100%| O|  |TAMS 0x000000069f000000, 0x000000069f000000| Untracked 
| 103|0x000000069f400000, 0x000000069f7e2600, 0x000000069f800000| 97%| O|  |TAMS 0x000000069f400000, 0x000000069f400000| Untracked 
| 104|0x000000069f800000, 0x000000069f800000, 0x000000069fc00000|  0%| F|  |TAMS 0x000000069f800000, 0x000000069f800000| Untracked 
| 105|0x000000069fc00000, 0x000000069fc00000, 0x00000006a0000000|  0%| F|  |TAMS 0x000000069fc00000, 0x000000069fc00000| Untracked 
| 106|0x00000006a0000000, 0x00000006a0000000, 0x00000006a0400000|  0%| F|  |TAMS 0x00000006a0000000, 0x00000006a0000000| Untracked 
| 107|0x00000006a0400000, 0x00000006a0400000, 0x00000006a0800000|  0%| F|  |TAMS 0x00000006a0400000, 0x00000006a0400000| Untracked 
| 108|0x00000006a0800000, 0x00000006a0800000, 0x00000006a0c00000|  0%| F|  |TAMS 0x00000006a0800000, 0x00000006a0800000| Untracked 
| 109|0x00000006a0c00000, 0x00000006a0c00000, 0x00000006a1000000|  0%| F|  |TAMS 0x00000006a0c00000, 0x00000006a0c00000| Untracked 
| 110|0x00000006a1000000, 0x00000006a1000000, 0x00000006a1400000|  0%| F|  |TAMS 0x00000006a1000000, 0x00000006a1000000| Untracked 
| 111|0x00000006a1400000, 0x00000006a1400000, 0x00000006a1800000|  0%| F|  |TAMS 0x00000006a1400000, 0x00000006a1400000| Untracked 
| 112|0x00000006a1800000, 0x00000006a1800000, 0x00000006a1c00000|  0%| F|  |TAMS 0x00000006a1800000, 0x00000006a1800000| Untracked 
| 113|0x00000006a1c00000, 0x00000006a1e0c2a0, 0x00000006a2000000| 51%| S|CS|TAMS 0x00000006a1c00000, 0x00000006a1c00000| Complete 
| 114|0x00000006a2000000, 0x00000006a2400000, 0x00000006a2400000|100%| S|CS|TAMS 0x00000006a2000000, 0x00000006a2000000| Complete 
| 115|0x00000006a2400000, 0x00000006a2800000, 0x00000006a2800000|100%| S|CS|TAMS 0x00000006a2400000, 0x00000006a2400000| Complete 
| 116|0x00000006a2800000, 0x00000006a2800000, 0x00000006a2c00000|  0%| F|  |TAMS 0x00000006a2800000, 0x00000006a2800000| Untracked 
| 117|0x00000006a2c00000, 0x00000006a2c00000, 0x00000006a3000000|  0%| F|  |TAMS 0x00000006a2c00000, 0x00000006a2c00000| Untracked 
| 118|0x00000006a3000000, 0x00000006a3000000, 0x00000006a3400000|  0%| F|  |TAMS 0x00000006a3000000, 0x00000006a3000000| Untracked 
| 119|0x00000006a3400000, 0x00000006a3400000, 0x00000006a3800000|  0%| F|  |TAMS 0x00000006a3400000, 0x00000006a3400000| Untracked 
| 120|0x00000006a3800000, 0x00000006a3800000, 0x00000006a3c00000|  0%| F|  |TAMS 0x00000006a3800000, 0x00000006a3800000| Untracked 
| 121|0x00000006a3c00000, 0x00000006a4000000, 0x00000006a4000000|100%| S|CS|TAMS 0x00000006a3c00000, 0x00000006a3c00000| Complete 
| 122|0x00000006a4000000, 0x00000006a4400000, 0x00000006a4400000|100%| S|CS|TAMS 0x00000006a4000000, 0x00000006a4000000| Complete 
| 123|0x00000006a4400000, 0x00000006a4800000, 0x00000006a4800000|100%| S|CS|TAMS 0x00000006a4400000, 0x00000006a4400000| Complete 
| 124|0x00000006a4800000, 0x00000006a4800000, 0x00000006a4c00000|  0%| F|  |TAMS 0x00000006a4800000, 0x00000006a4800000| Untracked 
| 125|0x00000006a4c00000, 0x00000006a4c00000, 0x00000006a5000000|  0%| F|  |TAMS 0x00000006a4c00000, 0x00000006a4c00000| Untracked 
| 126|0x00000006a5000000, 0x00000006a5000000, 0x00000006a5400000|  0%| F|  |TAMS 0x00000006a5000000, 0x00000006a5000000| Untracked 
| 127|0x00000006a5400000, 0x00000006a5400000, 0x00000006a5800000|  0%| F|  |TAMS 0x00000006a5400000, 0x00000006a5400000| Untracked 
| 128|0x00000006a5800000, 0x00000006a5800000, 0x00000006a5c00000|  0%| F|  |TAMS 0x00000006a5800000, 0x00000006a5800000| Untracked 
| 129|0x00000006a5c00000, 0x00000006a5c00000, 0x00000006a6000000|  0%| F|  |TAMS 0x00000006a5c00000, 0x00000006a5c00000| Untracked 
| 130|0x00000006a6000000, 0x00000006a6000000, 0x00000006a6400000|  0%| F|  |TAMS 0x00000006a6000000, 0x00000006a6000000| Untracked 
| 131|0x00000006a6400000, 0x00000006a6400000, 0x00000006a6800000|  0%| F|  |TAMS 0x00000006a6400000, 0x00000006a6400000| Untracked 
| 132|0x00000006a6800000, 0x00000006a6800000, 0x00000006a6c00000|  0%| F|  |TAMS 0x00000006a6800000, 0x00000006a6800000| Untracked 
| 133|0x00000006a6c00000, 0x00000006a6c00000, 0x00000006a7000000|  0%| F|  |TAMS 0x00000006a6c00000, 0x00000006a6c00000| Untracked 
| 134|0x00000006a7000000, 0x00000006a7000000, 0x00000006a7400000|  0%| F|  |TAMS 0x00000006a7000000, 0x00000006a7000000| Untracked 
| 135|0x00000006a7400000, 0x00000006a7400000, 0x00000006a7800000|  0%| F|  |TAMS 0x00000006a7400000, 0x00000006a7400000| Untracked 
| 136|0x00000006a7800000, 0x00000006a7800000, 0x00000006a7c00000|  0%| F|  |TAMS 0x00000006a7800000, 0x00000006a7800000| Untracked 
| 137|0x00000006a7c00000, 0x00000006a7c00000, 0x00000006a8000000|  0%| F|  |TAMS 0x00000006a7c00000, 0x00000006a7c00000| Untracked 
| 138|0x00000006a8000000, 0x00000006a8000000, 0x00000006a8400000|  0%| F|  |TAMS 0x00000006a8000000, 0x00000006a8000000| Untracked 
| 139|0x00000006a8400000, 0x00000006a8400000, 0x00000006a8800000|  0%| F|  |TAMS 0x00000006a8400000, 0x00000006a8400000| Untracked 
| 140|0x00000006a8800000, 0x00000006a8800000, 0x00000006a8c00000|  0%| F|  |TAMS 0x00000006a8800000, 0x00000006a8800000| Untracked 
| 141|0x00000006a8c00000, 0x00000006a8c00000, 0x00000006a9000000|  0%| F|  |TAMS 0x00000006a8c00000, 0x00000006a8c00000| Untracked 
| 142|0x00000006a9000000, 0x00000006a9000000, 0x00000006a9400000|  0%| F|  |TAMS 0x00000006a9000000, 0x00000006a9000000| Untracked 
| 143|0x00000006a9400000, 0x00000006a9400000, 0x00000006a9800000|  0%| F|  |TAMS 0x00000006a9400000, 0x00000006a9400000| Untracked 
| 144|0x00000006a9800000, 0x00000006a9800000, 0x00000006a9c00000|  0%| F|  |TAMS 0x00000006a9800000, 0x00000006a9800000| Untracked 
| 145|0x00000006a9c00000, 0x00000006a9c00000, 0x00000006aa000000|  0%| F|  |TAMS 0x00000006a9c00000, 0x00000006a9c00000| Untracked 
| 146|0x00000006aa000000, 0x00000006aa000000, 0x00000006aa400000|  0%| F|  |TAMS 0x00000006aa000000, 0x00000006aa000000| Untracked 
| 147|0x00000006aa400000, 0x00000006aa400000, 0x00000006aa800000|  0%| F|  |TAMS 0x00000006aa400000, 0x00000006aa400000| Untracked 
| 148|0x00000006aa800000, 0x00000006aa800000, 0x00000006aac00000|  0%| F|  |TAMS 0x00000006aa800000, 0x00000006aa800000| Untracked 
| 149|0x00000006aac00000, 0x00000006aac00000, 0x00000006ab000000|  0%| F|  |TAMS 0x00000006aac00000, 0x00000006aac00000| Untracked 
| 150|0x00000006ab000000, 0x00000006ab000000, 0x00000006ab400000|  0%| F|  |TAMS 0x00000006ab000000, 0x00000006ab000000| Untracked 
| 151|0x00000006ab400000, 0x00000006ab400000, 0x00000006ab800000|  0%| F|  |TAMS 0x00000006ab400000, 0x00000006ab400000| Untracked 
| 152|0x00000006ab800000, 0x00000006ab800000, 0x00000006abc00000|  0%| F|  |TAMS 0x00000006ab800000, 0x00000006ab800000| Untracked 
| 153|0x00000006abc00000, 0x00000006abc00000, 0x00000006ac000000|  0%| F|  |TAMS 0x00000006abc00000, 0x00000006abc00000| Untracked 
| 154|0x00000006ac000000, 0x00000006ac000000, 0x00000006ac400000|  0%| F|  |TAMS 0x00000006ac000000, 0x00000006ac000000| Untracked 
| 155|0x00000006ac400000, 0x00000006ac400000, 0x00000006ac800000|  0%| F|  |TAMS 0x00000006ac400000, 0x00000006ac400000| Untracked 
| 156|0x00000006ac800000, 0x00000006ac800000, 0x00000006acc00000|  0%| F|  |TAMS 0x00000006ac800000, 0x00000006ac800000| Untracked 
| 157|0x00000006acc00000, 0x00000006acc00000, 0x00000006ad000000|  0%| F|  |TAMS 0x00000006acc00000, 0x00000006acc00000| Untracked 
| 158|0x00000006ad000000, 0x00000006ad000000, 0x00000006ad400000|  0%| F|  |TAMS 0x00000006ad000000, 0x00000006ad000000| Untracked 
| 159|0x00000006ad400000, 0x00000006ad400000, 0x00000006ad800000|  0%| F|  |TAMS 0x00000006ad400000, 0x00000006ad400000| Untracked 
| 160|0x00000006ad800000, 0x00000006ad800000, 0x00000006adc00000|  0%| F|  |TAMS 0x00000006ad800000, 0x00000006ad800000| Untracked 
| 161|0x00000006adc00000, 0x00000006adc00000, 0x00000006ae000000|  0%| F|  |TAMS 0x00000006adc00000, 0x00000006adc00000| Untracked 
| 162|0x00000006ae000000, 0x00000006ae000000, 0x00000006ae400000|  0%| F|  |TAMS 0x00000006ae000000, 0x00000006ae000000| Untracked 
| 163|0x00000006ae400000, 0x00000006ae400000, 0x00000006ae800000|  0%| F|  |TAMS 0x00000006ae400000, 0x00000006ae400000| Untracked 
| 164|0x00000006ae800000, 0x00000006ae800000, 0x00000006aec00000|  0%| F|  |TAMS 0x00000006ae800000, 0x00000006ae800000| Untracked 
| 165|0x00000006aec00000, 0x00000006aec00000, 0x00000006af000000|  0%| F|  |TAMS 0x00000006aec00000, 0x00000006aec00000| Untracked 
| 166|0x00000006af000000, 0x00000006af000000, 0x00000006af400000|  0%| F|  |TAMS 0x00000006af000000, 0x00000006af000000| Untracked 
| 167|0x00000006af400000, 0x00000006af400000, 0x00000006af800000|  0%| F|  |TAMS 0x00000006af400000, 0x00000006af400000| Untracked 
| 168|0x00000006af800000, 0x00000006af800000, 0x00000006afc00000|  0%| F|  |TAMS 0x00000006af800000, 0x00000006af800000| Untracked 
| 169|0x00000006afc00000, 0x00000006afc00000, 0x00000006b0000000|  0%| F|  |TAMS 0x00000006afc00000, 0x00000006afc00000| Untracked 
| 170|0x00000006b0000000, 0x00000006b0000000, 0x00000006b0400000|  0%| F|  |TAMS 0x00000006b0000000, 0x00000006b0000000| Untracked 
| 171|0x00000006b0400000, 0x00000006b0400000, 0x00000006b0800000|  0%| F|  |TAMS 0x00000006b0400000, 0x00000006b0400000| Untracked 
| 172|0x00000006b0800000, 0x00000006b0800000, 0x00000006b0c00000|  0%| F|  |TAMS 0x00000006b0800000, 0x00000006b0800000| Untracked 
| 173|0x00000006b0c00000, 0x00000006b0c00000, 0x00000006b1000000|  0%| F|  |TAMS 0x00000006b0c00000, 0x00000006b0c00000| Untracked 
| 174|0x00000006b1000000, 0x00000006b1000000, 0x00000006b1400000|  0%| F|  |TAMS 0x00000006b1000000, 0x00000006b1000000| Untracked 
| 175|0x00000006b1400000, 0x00000006b1400000, 0x00000006b1800000|  0%| F|  |TAMS 0x00000006b1400000, 0x00000006b1400000| Untracked 
| 176|0x00000006b1800000, 0x00000006b1800000, 0x00000006b1c00000|  0%| F|  |TAMS 0x00000006b1800000, 0x00000006b1800000| Untracked 
| 177|0x00000006b1c00000, 0x00000006b1c00000, 0x00000006b2000000|  0%| F|  |TAMS 0x00000006b1c00000, 0x00000006b1c00000| Untracked 
| 178|0x00000006b2000000, 0x00000006b2000000, 0x00000006b2400000|  0%| F|  |TAMS 0x00000006b2000000, 0x00000006b2000000| Untracked 
| 179|0x00000006b2400000, 0x00000006b2400000, 0x00000006b2800000|  0%| F|  |TAMS 0x00000006b2400000, 0x00000006b2400000| Untracked 
| 180|0x00000006b2800000, 0x00000006b2800000, 0x00000006b2c00000|  0%| F|  |TAMS 0x00000006b2800000, 0x00000006b2800000| Untracked 
| 181|0x00000006b2c00000, 0x00000006b2c00000, 0x00000006b3000000|  0%| F|  |TAMS 0x00000006b2c00000, 0x00000006b2c00000| Untracked 
| 182|0x00000006b3000000, 0x00000006b3000000, 0x00000006b3400000|  0%| F|  |TAMS 0x00000006b3000000, 0x00000006b3000000| Untracked 
| 183|0x00000006b3400000, 0x00000006b3400000, 0x00000006b3800000|  0%| F|  |TAMS 0x00000006b3400000, 0x00000006b3400000| Untracked 
| 184|0x00000006b3800000, 0x00000006b3800000, 0x00000006b3c00000|  0%| F|  |TAMS 0x00000006b3800000, 0x00000006b3800000| Untracked 
| 185|0x00000006b3c00000, 0x00000006b3c00000, 0x00000006b4000000|  0%| F|  |TAMS 0x00000006b3c00000, 0x00000006b3c00000| Untracked 
| 186|0x00000006b4000000, 0x00000006b4000000, 0x00000006b4400000|  0%| F|  |TAMS 0x00000006b4000000, 0x00000006b4000000| Untracked 
| 187|0x00000006b4400000, 0x00000006b4400000, 0x00000006b4800000|  0%| F|  |TAMS 0x00000006b4400000, 0x00000006b4400000| Untracked 
| 188|0x00000006b4800000, 0x00000006b4800000, 0x00000006b4c00000|  0%| F|  |TAMS 0x00000006b4800000, 0x00000006b4800000| Untracked 
| 189|0x00000006b4c00000, 0x00000006b4c00000, 0x00000006b5000000|  0%| F|  |TAMS 0x00000006b4c00000, 0x00000006b4c00000| Untracked 
| 190|0x00000006b5000000, 0x00000006b5000000, 0x00000006b5400000|  0%| F|  |TAMS 0x00000006b5000000, 0x00000006b5000000| Untracked 
| 191|0x00000006b5400000, 0x00000006b5400000, 0x00000006b5800000|  0%| F|  |TAMS 0x00000006b5400000, 0x00000006b5400000| Untracked 
| 192|0x00000006b5800000, 0x00000006b5800000, 0x00000006b5c00000|  0%| F|  |TAMS 0x00000006b5800000, 0x00000006b5800000| Untracked 
| 193|0x00000006b5c00000, 0x00000006b5c00000, 0x00000006b6000000|  0%| F|  |TAMS 0x00000006b5c00000, 0x00000006b5c00000| Untracked 
| 194|0x00000006b6000000, 0x00000006b6000000, 0x00000006b6400000|  0%| F|  |TAMS 0x00000006b6000000, 0x00000006b6000000| Untracked 
| 195|0x00000006b6400000, 0x00000006b6400000, 0x00000006b6800000|  0%| F|  |TAMS 0x00000006b6400000, 0x00000006b6400000| Untracked 
| 196|0x00000006b6800000, 0x00000006b6800000, 0x00000006b6c00000|  0%| F|  |TAMS 0x00000006b6800000, 0x00000006b6800000| Untracked 
| 197|0x00000006b6c00000, 0x00000006b6c00000, 0x00000006b7000000|  0%| F|  |TAMS 0x00000006b6c00000, 0x00000006b6c00000| Untracked 
| 198|0x00000006b7000000, 0x00000006b7000000, 0x00000006b7400000|  0%| F|  |TAMS 0x00000006b7000000, 0x00000006b7000000| Untracked 
| 199|0x00000006b7400000, 0x00000006b7400000, 0x00000006b7800000|  0%| F|  |TAMS 0x00000006b7400000, 0x00000006b7400000| Untracked 
| 200|0x00000006b7800000, 0x00000006b7800000, 0x00000006b7c00000|  0%| F|  |TAMS 0x00000006b7800000, 0x00000006b7800000| Untracked 
| 201|0x00000006b7c00000, 0x00000006b7c00000, 0x00000006b8000000|  0%| F|  |TAMS 0x00000006b7c00000, 0x00000006b7c00000| Untracked 
| 202|0x00000006b8000000, 0x00000006b8000000, 0x00000006b8400000|  0%| F|  |TAMS 0x00000006b8000000, 0x00000006b8000000| Untracked 
| 203|0x00000006b8400000, 0x00000006b8400000, 0x00000006b8800000|  0%| F|  |TAMS 0x00000006b8400000, 0x00000006b8400000| Untracked 
| 204|0x00000006b8800000, 0x00000006b8800000, 0x00000006b8c00000|  0%| F|  |TAMS 0x00000006b8800000, 0x00000006b8800000| Untracked 
| 205|0x00000006b8c00000, 0x00000006b8c00000, 0x00000006b9000000|  0%| F|  |TAMS 0x00000006b8c00000, 0x00000006b8c00000| Untracked 
| 206|0x00000006b9000000, 0x00000006b9000000, 0x00000006b9400000|  0%| F|  |TAMS 0x00000006b9000000, 0x00000006b9000000| Untracked 
| 207|0x00000006b9400000, 0x00000006b9400000, 0x00000006b9800000|  0%| F|  |TAMS 0x00000006b9400000, 0x00000006b9400000| Untracked 
| 208|0x00000006b9800000, 0x00000006b9800000, 0x00000006b9c00000|  0%| F|  |TAMS 0x00000006b9800000, 0x00000006b9800000| Untracked 
| 209|0x00000006b9c00000, 0x00000006b9c00000, 0x00000006ba000000|  0%| F|  |TAMS 0x00000006b9c00000, 0x00000006b9c00000| Untracked 
| 210|0x00000006ba000000, 0x00000006ba000000, 0x00000006ba400000|  0%| F|  |TAMS 0x00000006ba000000, 0x00000006ba000000| Untracked 
| 211|0x00000006ba400000, 0x00000006ba400000, 0x00000006ba800000|  0%| F|  |TAMS 0x00000006ba400000, 0x00000006ba400000| Untracked 
| 212|0x00000006ba800000, 0x00000006ba800000, 0x00000006bac00000|  0%| F|  |TAMS 0x00000006ba800000, 0x00000006ba800000| Untracked 
| 213|0x00000006bac00000, 0x00000006bac00000, 0x00000006bb000000|  0%| F|  |TAMS 0x00000006bac00000, 0x00000006bac00000| Untracked 
| 214|0x00000006bb000000, 0x00000006bb000000, 0x00000006bb400000|  0%| F|  |TAMS 0x00000006bb000000, 0x00000006bb000000| Untracked 
| 215|0x00000006bb400000, 0x00000006bb400000, 0x00000006bb800000|  0%| F|  |TAMS 0x00000006bb400000, 0x00000006bb400000| Untracked 
| 216|0x00000006bb800000, 0x00000006bb800000, 0x00000006bbc00000|  0%| F|  |TAMS 0x00000006bb800000, 0x00000006bb800000| Untracked 
| 217|0x00000006bbc00000, 0x00000006bbc00000, 0x00000006bc000000|  0%| F|  |TAMS 0x00000006bbc00000, 0x00000006bbc00000| Untracked 
| 218|0x00000006bc000000, 0x00000006bc000000, 0x00000006bc400000|  0%| F|  |TAMS 0x00000006bc000000, 0x00000006bc000000| Untracked 
| 219|0x00000006bc400000, 0x00000006bc400000, 0x00000006bc800000|  0%| F|  |TAMS 0x00000006bc400000, 0x00000006bc400000| Untracked 
| 220|0x00000006bc800000, 0x00000006bc800000, 0x00000006bcc00000|  0%| F|  |TAMS 0x00000006bc800000, 0x00000006bc800000| Untracked 
| 221|0x00000006bcc00000, 0x00000006bcc00000, 0x00000006bd000000|  0%| F|  |TAMS 0x00000006bcc00000, 0x00000006bcc00000| Untracked 
| 222|0x00000006bd000000, 0x00000006bd000000, 0x00000006bd400000|  0%| F|  |TAMS 0x00000006bd000000, 0x00000006bd000000| Untracked 
| 223|0x00000006bd400000, 0x00000006bd400000, 0x00000006bd800000|  0%| F|  |TAMS 0x00000006bd400000, 0x00000006bd400000| Untracked 
| 224|0x00000006bd800000, 0x00000006bd800000, 0x00000006bdc00000|  0%| F|  |TAMS 0x00000006bd800000, 0x00000006bd800000| Untracked 
| 225|0x00000006bdc00000, 0x00000006bdc00000, 0x00000006be000000|  0%| F|  |TAMS 0x00000006bdc00000, 0x00000006bdc00000| Untracked 
| 226|0x00000006be000000, 0x00000006be000000, 0x00000006be400000|  0%| F|  |TAMS 0x00000006be000000, 0x00000006be000000| Untracked 
| 227|0x00000006be400000, 0x00000006be400000, 0x00000006be800000|  0%| F|  |TAMS 0x00000006be400000, 0x00000006be400000| Untracked 
| 228|0x00000006be800000, 0x00000006be800000, 0x00000006bec00000|  0%| F|  |TAMS 0x00000006be800000, 0x00000006be800000| Untracked 
| 229|0x00000006bec00000, 0x00000006bec00000, 0x00000006bf000000|  0%| F|  |TAMS 0x00000006bec00000, 0x00000006bec00000| Untracked 
| 230|0x00000006bf000000, 0x00000006bf000000, 0x00000006bf400000|  0%| F|  |TAMS 0x00000006bf000000, 0x00000006bf000000| Untracked 
| 231|0x00000006bf400000, 0x00000006bf400000, 0x00000006bf800000|  0%| F|  |TAMS 0x00000006bf400000, 0x00000006bf400000| Untracked 
| 232|0x00000006bf800000, 0x00000006bf800000, 0x00000006bfc00000|  0%| F|  |TAMS 0x00000006bf800000, 0x00000006bf800000| Untracked 
| 233|0x00000006bfc00000, 0x00000006bfc00000, 0x00000006c0000000|  0%| F|  |TAMS 0x00000006bfc00000, 0x00000006bfc00000| Untracked 
| 234|0x00000006c0000000, 0x00000006c0000000, 0x00000006c0400000|  0%| F|  |TAMS 0x00000006c0000000, 0x00000006c0000000| Untracked 
| 235|0x00000006c0400000, 0x00000006c0400000, 0x00000006c0800000|  0%| F|  |TAMS 0x00000006c0400000, 0x00000006c0400000| Untracked 
| 236|0x00000006c0800000, 0x00000006c0800000, 0x00000006c0c00000|  0%| F|  |TAMS 0x00000006c0800000, 0x00000006c0800000| Untracked 
| 237|0x00000006c0c00000, 0x00000006c0c00000, 0x00000006c1000000|  0%| F|  |TAMS 0x00000006c0c00000, 0x00000006c0c00000| Untracked 
| 238|0x00000006c1000000, 0x00000006c1000000, 0x00000006c1400000|  0%| F|  |TAMS 0x00000006c1000000, 0x00000006c1000000| Untracked 
| 239|0x00000006c1400000, 0x00000006c1400000, 0x00000006c1800000|  0%| F|  |TAMS 0x00000006c1400000, 0x00000006c1400000| Untracked 
| 240|0x00000006c1800000, 0x00000006c1800000, 0x00000006c1c00000|  0%| F|  |TAMS 0x00000006c1800000, 0x00000006c1800000| Untracked 
| 241|0x00000006c1c00000, 0x00000006c1c00000, 0x00000006c2000000|  0%| F|  |TAMS 0x00000006c1c00000, 0x00000006c1c00000| Untracked 
| 242|0x00000006c2000000, 0x00000006c2000000, 0x00000006c2400000|  0%| F|  |TAMS 0x00000006c2000000, 0x00000006c2000000| Untracked 
| 243|0x00000006c2400000, 0x00000006c2400000, 0x00000006c2800000|  0%| F|  |TAMS 0x00000006c2400000, 0x00000006c2400000| Untracked 
| 244|0x00000006c2800000, 0x00000006c2800000, 0x00000006c2c00000|  0%| F|  |TAMS 0x00000006c2800000, 0x00000006c2800000| Untracked 
| 245|0x00000006c2c00000, 0x00000006c2c00000, 0x00000006c3000000|  0%| F|  |TAMS 0x00000006c2c00000, 0x00000006c2c00000| Untracked 
| 246|0x00000006c3000000, 0x00000006c3000000, 0x00000006c3400000|  0%| F|  |TAMS 0x00000006c3000000, 0x00000006c3000000| Untracked 
| 247|0x00000006c3400000, 0x00000006c3400000, 0x00000006c3800000|  0%| F|  |TAMS 0x00000006c3400000, 0x00000006c3400000| Untracked 
| 248|0x00000006c3800000, 0x00000006c3800000, 0x00000006c3c00000|  0%| F|  |TAMS 0x00000006c3800000, 0x00000006c3800000| Untracked 
| 249|0x00000006c3c00000, 0x00000006c3c00000, 0x00000006c4000000|  0%| F|  |TAMS 0x00000006c3c00000, 0x00000006c3c00000| Untracked 
| 250|0x00000006c4000000, 0x00000006c4000000, 0x00000006c4400000|  0%| F|  |TAMS 0x00000006c4000000, 0x00000006c4000000| Untracked 
| 251|0x00000006c4400000, 0x00000006c4400000, 0x00000006c4800000|  0%| F|  |TAMS 0x00000006c4400000, 0x00000006c4400000| Untracked 
| 252|0x00000006c4800000, 0x00000006c4800000, 0x00000006c4c00000|  0%| F|  |TAMS 0x00000006c4800000, 0x00000006c4800000| Untracked 
| 253|0x00000006c4c00000, 0x00000006c4c00000, 0x00000006c5000000|  0%| F|  |TAMS 0x00000006c4c00000, 0x00000006c4c00000| Untracked 
| 254|0x00000006c5000000, 0x00000006c5000000, 0x00000006c5400000|  0%| F|  |TAMS 0x00000006c5000000, 0x00000006c5000000| Untracked 
| 255|0x00000006c5400000, 0x00000006c5400000, 0x00000006c5800000|  0%| F|  |TAMS 0x00000006c5400000, 0x00000006c5400000| Untracked 
| 256|0x00000006c5800000, 0x00000006c5800000, 0x00000006c5c00000|  0%| F|  |TAMS 0x00000006c5800000, 0x00000006c5800000| Untracked 
| 257|0x00000006c5c00000, 0x00000006c5c00000, 0x00000006c6000000|  0%| F|  |TAMS 0x00000006c5c00000, 0x00000006c5c00000| Untracked 
| 258|0x00000006c6000000, 0x00000006c6000000, 0x00000006c6400000|  0%| F|  |TAMS 0x00000006c6000000, 0x00000006c6000000| Untracked 
| 259|0x00000006c6400000, 0x00000006c6400000, 0x00000006c6800000|  0%| F|  |TAMS 0x00000006c6400000, 0x00000006c6400000| Untracked 
| 260|0x00000006c6800000, 0x00000006c6800000, 0x00000006c6c00000|  0%| F|  |TAMS 0x00000006c6800000, 0x00000006c6800000| Untracked 
| 261|0x00000006c6c00000, 0x00000006c6c00000, 0x00000006c7000000|  0%| F|  |TAMS 0x00000006c6c00000, 0x00000006c6c00000| Untracked 
| 262|0x00000006c7000000, 0x00000006c7000000, 0x00000006c7400000|  0%| F|  |TAMS 0x00000006c7000000, 0x00000006c7000000| Untracked 
| 263|0x00000006c7400000, 0x00000006c7400000, 0x00000006c7800000|  0%| F|  |TAMS 0x00000006c7400000, 0x00000006c7400000| Untracked 
| 264|0x00000006c7800000, 0x00000006c7800000, 0x00000006c7c00000|  0%| F|  |TAMS 0x00000006c7800000, 0x00000006c7800000| Untracked 
| 265|0x00000006c7c00000, 0x00000006c7c00000, 0x00000006c8000000|  0%| F|  |TAMS 0x00000006c7c00000, 0x00000006c7c00000| Untracked 
| 266|0x00000006c8000000, 0x00000006c8000000, 0x00000006c8400000|  0%| F|  |TAMS 0x00000006c8000000, 0x00000006c8000000| Untracked 
| 267|0x00000006c8400000, 0x00000006c8400000, 0x00000006c8800000|  0%| F|  |TAMS 0x00000006c8400000, 0x00000006c8400000| Untracked 
| 268|0x00000006c8800000, 0x00000006c8800000, 0x00000006c8c00000|  0%| F|  |TAMS 0x00000006c8800000, 0x00000006c8800000| Untracked 
| 269|0x00000006c8c00000, 0x00000006c8c00000, 0x00000006c9000000|  0%| F|  |TAMS 0x00000006c8c00000, 0x00000006c8c00000| Untracked 
| 270|0x00000006c9000000, 0x00000006c9000000, 0x00000006c9400000|  0%| F|  |TAMS 0x00000006c9000000, 0x00000006c9000000| Untracked 
| 271|0x00000006c9400000, 0x00000006c9400000, 0x00000006c9800000|  0%| F|  |TAMS 0x00000006c9400000, 0x00000006c9400000| Untracked 
| 272|0x00000006c9800000, 0x00000006c9800000, 0x00000006c9c00000|  0%| F|  |TAMS 0x00000006c9800000, 0x00000006c9800000| Untracked 
| 273|0x00000006c9c00000, 0x00000006c9c00000, 0x00000006ca000000|  0%| F|  |TAMS 0x00000006c9c00000, 0x00000006c9c00000| Untracked 
| 274|0x00000006ca000000, 0x00000006ca000000, 0x00000006ca400000|  0%| F|  |TAMS 0x00000006ca000000, 0x00000006ca000000| Untracked 
| 275|0x00000006ca400000, 0x00000006ca400000, 0x00000006ca800000|  0%| F|  |TAMS 0x00000006ca400000, 0x00000006ca400000| Untracked 
| 276|0x00000006ca800000, 0x00000006ca800000, 0x00000006cac00000|  0%| F|  |TAMS 0x00000006ca800000, 0x00000006ca800000| Untracked 
| 277|0x00000006cac00000, 0x00000006cac00000, 0x00000006cb000000|  0%| F|  |TAMS 0x00000006cac00000, 0x00000006cac00000| Untracked 
| 278|0x00000006cb000000, 0x00000006cb000000, 0x00000006cb400000|  0%| F|  |TAMS 0x00000006cb000000, 0x00000006cb000000| Untracked 
| 279|0x00000006cb400000, 0x00000006cb400000, 0x00000006cb800000|  0%| F|  |TAMS 0x00000006cb400000, 0x00000006cb400000| Untracked 
| 280|0x00000006cb800000, 0x00000006cb800000, 0x00000006cbc00000|  0%| F|  |TAMS 0x00000006cb800000, 0x00000006cb800000| Untracked 
| 281|0x00000006cbc00000, 0x00000006cbc00000, 0x00000006cc000000|  0%| F|  |TAMS 0x00000006cbc00000, 0x00000006cbc00000| Untracked 
| 282|0x00000006cc000000, 0x00000006cc000000, 0x00000006cc400000|  0%| F|  |TAMS 0x00000006cc000000, 0x00000006cc000000| Untracked 
| 283|0x00000006cc400000, 0x00000006cc400000, 0x00000006cc800000|  0%| F|  |TAMS 0x00000006cc400000, 0x00000006cc400000| Untracked 
| 284|0x00000006cc800000, 0x00000006cc800000, 0x00000006ccc00000|  0%| F|  |TAMS 0x00000006cc800000, 0x00000006cc800000| Untracked 
| 285|0x00000006ccc00000, 0x00000006ccc00000, 0x00000006cd000000|  0%| F|  |TAMS 0x00000006ccc00000, 0x00000006ccc00000| Untracked 
| 286|0x00000006cd000000, 0x00000006cd000000, 0x00000006cd400000|  0%| F|  |TAMS 0x00000006cd000000, 0x00000006cd000000| Untracked 
| 287|0x00000006cd400000, 0x00000006cd400000, 0x00000006cd800000|  0%| F|  |TAMS 0x00000006cd400000, 0x00000006cd400000| Untracked 
| 288|0x00000006cd800000, 0x00000006cd800000, 0x00000006cdc00000|  0%| F|  |TAMS 0x00000006cd800000, 0x00000006cd800000| Untracked 
| 289|0x00000006cdc00000, 0x00000006cdc00000, 0x00000006ce000000|  0%| F|  |TAMS 0x00000006cdc00000, 0x00000006cdc00000| Untracked 
| 290|0x00000006ce000000, 0x00000006ce000000, 0x00000006ce400000|  0%| F|  |TAMS 0x00000006ce000000, 0x00000006ce000000| Untracked 
| 291|0x00000006ce400000, 0x00000006ce400000, 0x00000006ce800000|  0%| F|  |TAMS 0x00000006ce400000, 0x00000006ce400000| Untracked 
| 292|0x00000006ce800000, 0x00000006ce800000, 0x00000006cec00000|  0%| F|  |TAMS 0x00000006ce800000, 0x00000006ce800000| Untracked 
| 293|0x00000006cec00000, 0x00000006cec00000, 0x00000006cf000000|  0%| F|  |TAMS 0x00000006cec00000, 0x00000006cec00000| Untracked 
| 294|0x00000006cf000000, 0x00000006cf000000, 0x00000006cf400000|  0%| F|  |TAMS 0x00000006cf000000, 0x00000006cf000000| Untracked 
| 295|0x00000006cf400000, 0x00000006cf400000, 0x00000006cf800000|  0%| F|  |TAMS 0x00000006cf400000, 0x00000006cf400000| Untracked 
| 296|0x00000006cf800000, 0x00000006cf800000, 0x00000006cfc00000|  0%| F|  |TAMS 0x00000006cf800000, 0x00000006cf800000| Untracked 
| 297|0x00000006cfc00000, 0x00000006cfc00000, 0x00000006d0000000|  0%| F|  |TAMS 0x00000006cfc00000, 0x00000006cfc00000| Untracked 
| 298|0x00000006d0000000, 0x00000006d0000000, 0x00000006d0400000|  0%| F|  |TAMS 0x00000006d0000000, 0x00000006d0000000| Untracked 
| 299|0x00000006d0400000, 0x00000006d0400000, 0x00000006d0800000|  0%| F|  |TAMS 0x00000006d0400000, 0x00000006d0400000| Untracked 
| 300|0x00000006d0800000, 0x00000006d0800000, 0x00000006d0c00000|  0%| F|  |TAMS 0x00000006d0800000, 0x00000006d0800000| Untracked 
| 301|0x00000006d0c00000, 0x00000006d0c00000, 0x00000006d1000000|  0%| F|  |TAMS 0x00000006d0c00000, 0x00000006d0c00000| Untracked 
| 302|0x00000006d1000000, 0x00000006d1000000, 0x00000006d1400000|  0%| F|  |TAMS 0x00000006d1000000, 0x00000006d1000000| Untracked 
| 303|0x00000006d1400000, 0x00000006d1400000, 0x00000006d1800000|  0%| F|  |TAMS 0x00000006d1400000, 0x00000006d1400000| Untracked 
| 304|0x00000006d1800000, 0x00000006d1800000, 0x00000006d1c00000|  0%| F|  |TAMS 0x00000006d1800000, 0x00000006d1800000| Untracked 
| 305|0x00000006d1c00000, 0x00000006d1c00000, 0x00000006d2000000|  0%| F|  |TAMS 0x00000006d1c00000, 0x00000006d1c00000| Untracked 
| 306|0x00000006d2000000, 0x00000006d2000000, 0x00000006d2400000|  0%| F|  |TAMS 0x00000006d2000000, 0x00000006d2000000| Untracked 
| 307|0x00000006d2400000, 0x00000006d2400000, 0x00000006d2800000|  0%| F|  |TAMS 0x00000006d2400000, 0x00000006d2400000| Untracked 
| 308|0x00000006d2800000, 0x00000006d2800000, 0x00000006d2c00000|  0%| F|  |TAMS 0x00000006d2800000, 0x00000006d2800000| Untracked 
| 309|0x00000006d2c00000, 0x00000006d2c00000, 0x00000006d3000000|  0%| F|  |TAMS 0x00000006d2c00000, 0x00000006d2c00000| Untracked 
| 310|0x00000006d3000000, 0x00000006d3000000, 0x00000006d3400000|  0%| F|  |TAMS 0x00000006d3000000, 0x00000006d3000000| Untracked 
| 311|0x00000006d3400000, 0x00000006d3400000, 0x00000006d3800000|  0%| F|  |TAMS 0x00000006d3400000, 0x00000006d3400000| Untracked 
| 312|0x00000006d3800000, 0x00000006d3800000, 0x00000006d3c00000|  0%| F|  |TAMS 0x00000006d3800000, 0x00000006d3800000| Untracked 
| 313|0x00000006d3c00000, 0x00000006d3c00000, 0x00000006d4000000|  0%| F|  |TAMS 0x00000006d3c00000, 0x00000006d3c00000| Untracked 
| 314|0x00000006d4000000, 0x00000006d4000000, 0x00000006d4400000|  0%| F|  |TAMS 0x00000006d4000000, 0x00000006d4000000| Untracked 
| 315|0x00000006d4400000, 0x00000006d4400000, 0x00000006d4800000|  0%| F|  |TAMS 0x00000006d4400000, 0x00000006d4400000| Untracked 
| 316|0x00000006d4800000, 0x00000006d4800000, 0x00000006d4c00000|  0%| F|  |TAMS 0x00000006d4800000, 0x00000006d4800000| Untracked 
| 317|0x00000006d4c00000, 0x00000006d4c00000, 0x00000006d5000000|  0%| F|  |TAMS 0x00000006d4c00000, 0x00000006d4c00000| Untracked 
| 318|0x00000006d5000000, 0x00000006d5000000, 0x00000006d5400000|  0%| F|  |TAMS 0x00000006d5000000, 0x00000006d5000000| Untracked 
| 319|0x00000006d5400000, 0x00000006d5400000, 0x00000006d5800000|  0%| F|  |TAMS 0x00000006d5400000, 0x00000006d5400000| Untracked 
| 320|0x00000006d5800000, 0x00000006d5800000, 0x00000006d5c00000|  0%| F|  |TAMS 0x00000006d5800000, 0x00000006d5800000| Untracked 
| 321|0x00000006d5c00000, 0x00000006d5c00000, 0x00000006d6000000|  0%| F|  |TAMS 0x00000006d5c00000, 0x00000006d5c00000| Untracked 
| 322|0x00000006d6000000, 0x00000006d6000000, 0x00000006d6400000|  0%| F|  |TAMS 0x00000006d6000000, 0x00000006d6000000| Untracked 
| 323|0x00000006d6400000, 0x00000006d6400000, 0x00000006d6800000|  0%| F|  |TAMS 0x00000006d6400000, 0x00000006d6400000| Untracked 
| 324|0x00000006d6800000, 0x00000006d6800000, 0x00000006d6c00000|  0%| F|  |TAMS 0x00000006d6800000, 0x00000006d6800000| Untracked 
| 325|0x00000006d6c00000, 0x00000006d6c00000, 0x00000006d7000000|  0%| F|  |TAMS 0x00000006d6c00000, 0x00000006d6c00000| Untracked 
| 326|0x00000006d7000000, 0x00000006d7000000, 0x00000006d7400000|  0%| F|  |TAMS 0x00000006d7000000, 0x00000006d7000000| Untracked 
| 327|0x00000006d7400000, 0x00000006d7400000, 0x00000006d7800000|  0%| F|  |TAMS 0x00000006d7400000, 0x00000006d7400000| Untracked 
| 328|0x00000006d7800000, 0x00000006d7800000, 0x00000006d7c00000|  0%| F|  |TAMS 0x00000006d7800000, 0x00000006d7800000| Untracked 
| 329|0x00000006d7c00000, 0x00000006d8000000, 0x00000006d8000000|100%| E|  |TAMS 0x00000006d7c00000, 0x00000006d7c00000| Complete 
| 330|0x00000006d8000000, 0x00000006d8400000, 0x00000006d8400000|100%| E|CS|TAMS 0x00000006d8000000, 0x00000006d8000000| Complete 
| 331|0x00000006d8400000, 0x00000006d8800000, 0x00000006d8800000|100%| E|CS|TAMS 0x00000006d8400000, 0x00000006d8400000| Complete 
| 332|0x00000006d8800000, 0x00000006d8c00000, 0x00000006d8c00000|100%| E|CS|TAMS 0x00000006d8800000, 0x00000006d8800000| Complete 
| 333|0x00000006d8c00000, 0x00000006d9000000, 0x00000006d9000000|100%| E|CS|TAMS 0x00000006d8c00000, 0x00000006d8c00000| Complete 
| 334|0x00000006d9000000, 0x00000006d9400000, 0x00000006d9400000|100%| E|CS|TAMS 0x00000006d9000000, 0x00000006d9000000| Complete 
| 335|0x00000006d9400000, 0x00000006d9800000, 0x00000006d9800000|100%| E|CS|TAMS 0x00000006d9400000, 0x00000006d9400000| Complete 
| 336|0x00000006d9800000, 0x00000006d9c00000, 0x00000006d9c00000|100%| E|CS|TAMS 0x00000006d9800000, 0x00000006d9800000| Complete 
| 337|0x00000006d9c00000, 0x00000006da000000, 0x00000006da000000|100%| E|CS|TAMS 0x00000006d9c00000, 0x00000006d9c00000| Complete 
| 338|0x00000006da000000, 0x00000006da400000, 0x00000006da400000|100%| E|CS|TAMS 0x00000006da000000, 0x00000006da000000| Complete 
| 339|0x00000006da400000, 0x00000006da800000, 0x00000006da800000|100%| E|CS|TAMS 0x00000006da400000, 0x00000006da400000| Complete 
| 340|0x00000006da800000, 0x00000006dac00000, 0x00000006dac00000|100%| E|CS|TAMS 0x00000006da800000, 0x00000006da800000| Complete 
| 341|0x00000006dac00000, 0x00000006db000000, 0x00000006db000000|100%| E|CS|TAMS 0x00000006dac00000, 0x00000006dac00000| Complete 
| 342|0x00000006db000000, 0x00000006db400000, 0x00000006db400000|100%| E|CS|TAMS 0x00000006db000000, 0x00000006db000000| Complete 
| 343|0x00000006db400000, 0x00000006db800000, 0x00000006db800000|100%| E|CS|TAMS 0x00000006db400000, 0x00000006db400000| Complete 
| 344|0x00000006db800000, 0x00000006dbc00000, 0x00000006dbc00000|100%| E|CS|TAMS 0x00000006db800000, 0x00000006db800000| Complete 
| 345|0x00000006dbc00000, 0x00000006dc000000, 0x00000006dc000000|100%| E|CS|TAMS 0x00000006dbc00000, 0x00000006dbc00000| Complete 
| 346|0x00000006dc000000, 0x00000006dc400000, 0x00000006dc400000|100%| E|CS|TAMS 0x00000006dc000000, 0x00000006dc000000| Complete 
| 347|0x00000006dc400000, 0x00000006dc800000, 0x00000006dc800000|100%| E|CS|TAMS 0x00000006dc400000, 0x00000006dc400000| Complete 
| 348|0x00000006dc800000, 0x00000006dcc00000, 0x00000006dcc00000|100%| E|CS|TAMS 0x00000006dc800000, 0x00000006dc800000| Complete 
| 349|0x00000006dcc00000, 0x00000006dd000000, 0x00000006dd000000|100%| E|CS|TAMS 0x00000006dcc00000, 0x00000006dcc00000| Complete 
| 350|0x00000006dd000000, 0x00000006dd400000, 0x00000006dd400000|100%| E|CS|TAMS 0x00000006dd000000, 0x00000006dd000000| Complete 
| 351|0x00000006dd400000, 0x00000006dd800000, 0x00000006dd800000|100%| E|CS|TAMS 0x00000006dd400000, 0x00000006dd400000| Complete 
| 352|0x00000006dd800000, 0x00000006ddc00000, 0x00000006ddc00000|100%| E|CS|TAMS 0x00000006dd800000, 0x00000006dd800000| Complete 
| 353|0x00000006ddc00000, 0x00000006de000000, 0x00000006de000000|100%| E|CS|TAMS 0x00000006ddc00000, 0x00000006ddc00000| Complete 
| 354|0x00000006de000000, 0x00000006de400000, 0x00000006de400000|100%| E|CS|TAMS 0x00000006de000000, 0x00000006de000000| Complete 
| 355|0x00000006de400000, 0x00000006de800000, 0x00000006de800000|100%| E|CS|TAMS 0x00000006de400000, 0x00000006de400000| Complete 
| 356|0x00000006de800000, 0x00000006dec00000, 0x00000006dec00000|100%| E|CS|TAMS 0x00000006de800000, 0x00000006de800000| Complete 
| 357|0x00000006dec00000, 0x00000006df000000, 0x00000006df000000|100%| E|CS|TAMS 0x00000006dec00000, 0x00000006dec00000| Complete 
| 358|0x00000006df000000, 0x00000006df400000, 0x00000006df400000|100%| E|CS|TAMS 0x00000006df000000, 0x00000006df000000| Complete 
| 359|0x00000006df400000, 0x00000006df800000, 0x00000006df800000|100%| E|CS|TAMS 0x00000006df400000, 0x00000006df400000| Complete 
| 360|0x00000006df800000, 0x00000006dfc00000, 0x00000006dfc00000|100%| E|CS|TAMS 0x00000006df800000, 0x00000006df800000| Complete 
| 361|0x00000006dfc00000, 0x00000006e0000000, 0x00000006e0000000|100%| E|CS|TAMS 0x00000006dfc00000, 0x00000006dfc00000| Complete 
| 362|0x00000006e0000000, 0x00000006e0400000, 0x00000006e0400000|100%| E|CS|TAMS 0x00000006e0000000, 0x00000006e0000000| Complete 
| 363|0x00000006e0400000, 0x00000006e0800000, 0x00000006e0800000|100%| E|CS|TAMS 0x00000006e0400000, 0x00000006e0400000| Complete 
| 364|0x00000006e0800000, 0x00000006e0c00000, 0x00000006e0c00000|100%| E|CS|TAMS 0x00000006e0800000, 0x00000006e0800000| Complete 
| 365|0x00000006e0c00000, 0x00000006e1000000, 0x00000006e1000000|100%| E|CS|TAMS 0x00000006e0c00000, 0x00000006e0c00000| Complete 
| 366|0x00000006e1000000, 0x00000006e1400000, 0x00000006e1400000|100%| E|CS|TAMS 0x00000006e1000000, 0x00000006e1000000| Complete 
| 367|0x00000006e1400000, 0x00000006e1800000, 0x00000006e1800000|100%| E|CS|TAMS 0x00000006e1400000, 0x00000006e1400000| Complete 
| 368|0x00000006e1800000, 0x00000006e1c00000, 0x00000006e1c00000|100%| E|CS|TAMS 0x00000006e1800000, 0x00000006e1800000| Complete 
| 369|0x00000006e1c00000, 0x00000006e2000000, 0x00000006e2000000|100%| E|CS|TAMS 0x00000006e1c00000, 0x00000006e1c00000| Complete 
| 370|0x00000006e2000000, 0x00000006e2400000, 0x00000006e2400000|100%| E|CS|TAMS 0x00000006e2000000, 0x00000006e2000000| Complete 
| 371|0x00000006e2400000, 0x00000006e2800000, 0x00000006e2800000|100%| E|CS|TAMS 0x00000006e2400000, 0x00000006e2400000| Complete 
| 372|0x00000006e2800000, 0x00000006e2c00000, 0x00000006e2c00000|100%| E|CS|TAMS 0x00000006e2800000, 0x00000006e2800000| Complete 
| 373|0x00000006e2c00000, 0x00000006e3000000, 0x00000006e3000000|100%| E|CS|TAMS 0x00000006e2c00000, 0x00000006e2c00000| Complete 
| 374|0x00000006e3000000, 0x00000006e3400000, 0x00000006e3400000|100%| E|CS|TAMS 0x00000006e3000000, 0x00000006e3000000| Complete 
| 375|0x00000006e3400000, 0x00000006e3800000, 0x00000006e3800000|100%| E|CS|TAMS 0x00000006e3400000, 0x00000006e3400000| Complete 
| 376|0x00000006e3800000, 0x00000006e3c00000, 0x00000006e3c00000|100%| E|CS|TAMS 0x00000006e3800000, 0x00000006e3800000| Complete 
| 377|0x00000006e3c00000, 0x00000006e4000000, 0x00000006e4000000|100%| E|CS|TAMS 0x00000006e3c00000, 0x00000006e3c00000| Complete 
| 378|0x00000006e4000000, 0x00000006e4400000, 0x00000006e4400000|100%| E|CS|TAMS 0x00000006e4000000, 0x00000006e4000000| Complete 
| 379|0x00000006e4400000, 0x00000006e4800000, 0x00000006e4800000|100%| E|CS|TAMS 0x00000006e4400000, 0x00000006e4400000| Complete 
| 380|0x00000006e4800000, 0x00000006e4c00000, 0x00000006e4c00000|100%| E|CS|TAMS 0x00000006e4800000, 0x00000006e4800000| Complete 
| 381|0x00000006e4c00000, 0x00000006e5000000, 0x00000006e5000000|100%| E|CS|TAMS 0x00000006e4c00000, 0x00000006e4c00000| Complete 
| 382|0x00000006e5000000, 0x00000006e5400000, 0x00000006e5400000|100%| E|CS|TAMS 0x00000006e5000000, 0x00000006e5000000| Complete 
| 383|0x00000006e5400000, 0x00000006e5800000, 0x00000006e5800000|100%| E|CS|TAMS 0x00000006e5400000, 0x00000006e5400000| Complete 
| 384|0x00000006e5800000, 0x00000006e5c00000, 0x00000006e5c00000|100%| E|CS|TAMS 0x00000006e5800000, 0x00000006e5800000| Complete 
| 385|0x00000006e5c00000, 0x00000006e6000000, 0x00000006e6000000|100%| E|CS|TAMS 0x00000006e5c00000, 0x00000006e5c00000| Complete 
| 386|0x00000006e6000000, 0x00000006e6400000, 0x00000006e6400000|100%| E|CS|TAMS 0x00000006e6000000, 0x00000006e6000000| Complete 
| 387|0x00000006e6400000, 0x00000006e6800000, 0x00000006e6800000|100%| E|CS|TAMS 0x00000006e6400000, 0x00000006e6400000| Complete 
| 388|0x00000006e6800000, 0x00000006e6c00000, 0x00000006e6c00000|100%| E|CS|TAMS 0x00000006e6800000, 0x00000006e6800000| Complete 
| 389|0x00000006e6c00000, 0x00000006e7000000, 0x00000006e7000000|100%| E|CS|TAMS 0x00000006e6c00000, 0x00000006e6c00000| Complete 
| 390|0x00000006e7000000, 0x00000006e7400000, 0x00000006e7400000|100%| E|CS|TAMS 0x00000006e7000000, 0x00000006e7000000| Complete 
| 391|0x00000006e7400000, 0x00000006e7800000, 0x00000006e7800000|100%| E|CS|TAMS 0x00000006e7400000, 0x00000006e7400000| Complete 
| 392|0x00000006e7800000, 0x00000006e7c00000, 0x00000006e7c00000|100%| E|CS|TAMS 0x00000006e7800000, 0x00000006e7800000| Complete 
| 393|0x00000006e7c00000, 0x00000006e8000000, 0x00000006e8000000|100%| E|CS|TAMS 0x00000006e7c00000, 0x00000006e7c00000| Complete 
| 394|0x00000006e8000000, 0x00000006e8400000, 0x00000006e8400000|100%| E|CS|TAMS 0x00000006e8000000, 0x00000006e8000000| Complete 
| 395|0x00000006e8400000, 0x00000006e8800000, 0x00000006e8800000|100%| E|CS|TAMS 0x00000006e8400000, 0x00000006e8400000| Complete 
| 396|0x00000006e8800000, 0x00000006e8c00000, 0x00000006e8c00000|100%| E|CS|TAMS 0x00000006e8800000, 0x00000006e8800000| Complete 
| 397|0x00000006e8c00000, 0x00000006e9000000, 0x00000006e9000000|100%| E|CS|TAMS 0x00000006e8c00000, 0x00000006e8c00000| Complete 
| 398|0x00000006e9000000, 0x00000006e9400000, 0x00000006e9400000|100%| E|CS|TAMS 0x00000006e9000000, 0x00000006e9000000| Complete 
| 399|0x00000006e9400000, 0x00000006e9800000, 0x00000006e9800000|100%| E|CS|TAMS 0x00000006e9400000, 0x00000006e9400000| Complete 
| 400|0x00000006e9800000, 0x00000006e9c00000, 0x00000006e9c00000|100%| E|CS|TAMS 0x00000006e9800000, 0x00000006e9800000| Complete 
| 401|0x00000006e9c00000, 0x00000006ea000000, 0x00000006ea000000|100%| E|CS|TAMS 0x00000006e9c00000, 0x00000006e9c00000| Complete 
| 402|0x00000006ea000000, 0x00000006ea400000, 0x00000006ea400000|100%| E|CS|TAMS 0x00000006ea000000, 0x00000006ea000000| Complete 
| 403|0x00000006ea400000, 0x00000006ea800000, 0x00000006ea800000|100%| E|CS|TAMS 0x00000006ea400000, 0x00000006ea400000| Complete 
| 404|0x00000006ea800000, 0x00000006eac00000, 0x00000006eac00000|100%| E|CS|TAMS 0x00000006ea800000, 0x00000006ea800000| Complete 
| 405|0x00000006eac00000, 0x00000006eb000000, 0x00000006eb000000|100%| E|CS|TAMS 0x00000006eac00000, 0x00000006eac00000| Complete 
| 406|0x00000006eb000000, 0x00000006eb400000, 0x00000006eb400000|100%| E|CS|TAMS 0x00000006eb000000, 0x00000006eb000000| Complete 
| 407|0x00000006eb400000, 0x00000006eb800000, 0x00000006eb800000|100%| E|CS|TAMS 0x00000006eb400000, 0x00000006eb400000| Complete 
| 408|0x00000006eb800000, 0x00000006ebc00000, 0x00000006ebc00000|100%| E|CS|TAMS 0x00000006eb800000, 0x00000006eb800000| Complete 
| 409|0x00000006ebc00000, 0x00000006ec000000, 0x00000006ec000000|100%| E|CS|TAMS 0x00000006ebc00000, 0x00000006ebc00000| Complete 
| 410|0x00000006ec000000, 0x00000006ec400000, 0x00000006ec400000|100%| E|CS|TAMS 0x00000006ec000000, 0x00000006ec000000| Complete 
| 411|0x00000006ec400000, 0x00000006ec800000, 0x00000006ec800000|100%| E|CS|TAMS 0x00000006ec400000, 0x00000006ec400000| Complete 
| 412|0x00000006ec800000, 0x00000006ecc00000, 0x00000006ecc00000|100%| E|CS|TAMS 0x00000006ec800000, 0x00000006ec800000| Complete 
| 413|0x00000006ecc00000, 0x00000006ed000000, 0x00000006ed000000|100%| E|CS|TAMS 0x00000006ecc00000, 0x00000006ecc00000| Complete 
| 414|0x00000006ed000000, 0x00000006ed400000, 0x00000006ed400000|100%| E|CS|TAMS 0x00000006ed000000, 0x00000006ed000000| Complete 
| 415|0x00000006ed400000, 0x00000006ed800000, 0x00000006ed800000|100%| E|CS|TAMS 0x00000006ed400000, 0x00000006ed400000| Complete 
| 416|0x00000006ed800000, 0x00000006edc00000, 0x00000006edc00000|100%| E|CS|TAMS 0x00000006ed800000, 0x00000006ed800000| Complete 
| 417|0x00000006edc00000, 0x00000006ee000000, 0x00000006ee000000|100%| E|CS|TAMS 0x00000006edc00000, 0x00000006edc00000| Complete 
| 418|0x00000006ee000000, 0x00000006ee400000, 0x00000006ee400000|100%| E|CS|TAMS 0x00000006ee000000, 0x00000006ee000000| Complete 
| 419|0x00000006ee400000, 0x00000006ee800000, 0x00000006ee800000|100%| E|CS|TAMS 0x00000006ee400000, 0x00000006ee400000| Complete 
| 420|0x00000006ee800000, 0x00000006eec00000, 0x00000006eec00000|100%| E|CS|TAMS 0x00000006ee800000, 0x00000006ee800000| Complete 
| 421|0x00000006eec00000, 0x00000006ef000000, 0x00000006ef000000|100%| E|CS|TAMS 0x00000006eec00000, 0x00000006eec00000| Complete 
| 422|0x00000006ef000000, 0x00000006ef400000, 0x00000006ef400000|100%| E|CS|TAMS 0x00000006ef000000, 0x00000006ef000000| Complete 
| 423|0x00000006ef400000, 0x00000006ef800000, 0x00000006ef800000|100%| E|CS|TAMS 0x00000006ef400000, 0x00000006ef400000| Complete 
| 424|0x00000006ef800000, 0x00000006efc00000, 0x00000006efc00000|100%| E|CS|TAMS 0x00000006ef800000, 0x00000006ef800000| Complete 
| 425|0x00000006efc00000, 0x00000006f0000000, 0x00000006f0000000|100%| E|CS|TAMS 0x00000006efc00000, 0x00000006efc00000| Complete 
| 426|0x00000006f0000000, 0x00000006f0400000, 0x00000006f0400000|100%| E|CS|TAMS 0x00000006f0000000, 0x00000006f0000000| Complete 
| 427|0x00000006f0400000, 0x00000006f0800000, 0x00000006f0800000|100%| E|CS|TAMS 0x00000006f0400000, 0x00000006f0400000| Complete 
| 428|0x00000006f0800000, 0x00000006f0c00000, 0x00000006f0c00000|100%| E|CS|TAMS 0x00000006f0800000, 0x00000006f0800000| Complete 
| 429|0x00000006f0c00000, 0x00000006f1000000, 0x00000006f1000000|100%| E|CS|TAMS 0x00000006f0c00000, 0x00000006f0c00000| Complete 
| 430|0x00000006f1000000, 0x00000006f1400000, 0x00000006f1400000|100%| E|CS|TAMS 0x00000006f1000000, 0x00000006f1000000| Complete 
| 431|0x00000006f1400000, 0x00000006f1800000, 0x00000006f1800000|100%| E|CS|TAMS 0x00000006f1400000, 0x00000006f1400000| Complete 
| 432|0x00000006f1800000, 0x00000006f1c00000, 0x00000006f1c00000|100%| E|CS|TAMS 0x00000006f1800000, 0x00000006f1800000| Complete 
| 433|0x00000006f1c00000, 0x00000006f2000000, 0x00000006f2000000|100%| E|CS|TAMS 0x00000006f1c00000, 0x00000006f1c00000| Complete 
| 434|0x00000006f2000000, 0x00000006f2400000, 0x00000006f2400000|100%| E|CS|TAMS 0x00000006f2000000, 0x00000006f2000000| Complete 
| 435|0x00000006f2400000, 0x00000006f2800000, 0x00000006f2800000|100%| E|CS|TAMS 0x00000006f2400000, 0x00000006f2400000| Complete 
| 436|0x00000006f2800000, 0x00000006f2c00000, 0x00000006f2c00000|100%| E|CS|TAMS 0x00000006f2800000, 0x00000006f2800000| Complete 
| 437|0x00000006f2c00000, 0x00000006f3000000, 0x00000006f3000000|100%| E|CS|TAMS 0x00000006f2c00000, 0x00000006f2c00000| Complete 
| 438|0x00000006f3000000, 0x00000006f3400000, 0x00000006f3400000|100%| E|CS|TAMS 0x00000006f3000000, 0x00000006f3000000| Complete 
| 439|0x00000006f3400000, 0x00000006f3800000, 0x00000006f3800000|100%| E|CS|TAMS 0x00000006f3400000, 0x00000006f3400000| Complete 
| 440|0x00000006f3800000, 0x00000006f3c00000, 0x00000006f3c00000|100%| E|CS|TAMS 0x00000006f3800000, 0x00000006f3800000| Complete 
| 441|0x00000006f3c00000, 0x00000006f4000000, 0x00000006f4000000|100%| E|CS|TAMS 0x00000006f3c00000, 0x00000006f3c00000| Complete 
| 442|0x00000006f4000000, 0x00000006f4400000, 0x00000006f4400000|100%| E|CS|TAMS 0x00000006f4000000, 0x00000006f4000000| Complete 
| 443|0x00000006f4400000, 0x00000006f4800000, 0x00000006f4800000|100%| E|CS|TAMS 0x00000006f4400000, 0x00000006f4400000| Complete 
| 444|0x00000006f4800000, 0x00000006f4c00000, 0x00000006f4c00000|100%| E|CS|TAMS 0x00000006f4800000, 0x00000006f4800000| Complete 
| 445|0x00000006f4c00000, 0x00000006f5000000, 0x00000006f5000000|100%| E|CS|TAMS 0x00000006f4c00000, 0x00000006f4c00000| Complete 
| 446|0x00000006f5000000, 0x00000006f5400000, 0x00000006f5400000|100%| E|CS|TAMS 0x00000006f5000000, 0x00000006f5000000| Complete 
| 447|0x00000006f5400000, 0x00000006f5800000, 0x00000006f5800000|100%| E|CS|TAMS 0x00000006f5400000, 0x00000006f5400000| Complete 
| 448|0x00000006f5800000, 0x00000006f5c00000, 0x00000006f5c00000|100%| E|CS|TAMS 0x00000006f5800000, 0x00000006f5800000| Complete 
| 449|0x00000006f5c00000, 0x00000006f6000000, 0x00000006f6000000|100%| E|CS|TAMS 0x00000006f5c00000, 0x00000006f5c00000| Complete 
| 450|0x00000006f6000000, 0x00000006f6400000, 0x00000006f6400000|100%| E|CS|TAMS 0x00000006f6000000, 0x00000006f6000000| Complete 
| 451|0x00000006f6400000, 0x00000006f6800000, 0x00000006f6800000|100%| E|CS|TAMS 0x00000006f6400000, 0x00000006f6400000| Complete 
| 452|0x00000006f6800000, 0x00000006f6c00000, 0x00000006f6c00000|100%| E|CS|TAMS 0x00000006f6800000, 0x00000006f6800000| Complete 
| 453|0x00000006f6c00000, 0x00000006f7000000, 0x00000006f7000000|100%| E|CS|TAMS 0x00000006f6c00000, 0x00000006f6c00000| Complete 
| 454|0x00000006f7000000, 0x00000006f7400000, 0x00000006f7400000|100%| E|CS|TAMS 0x00000006f7000000, 0x00000006f7000000| Complete 
| 455|0x00000006f7400000, 0x00000006f7800000, 0x00000006f7800000|100%| E|CS|TAMS 0x00000006f7400000, 0x00000006f7400000| Complete 
| 456|0x00000006f7800000, 0x00000006f7c00000, 0x00000006f7c00000|100%| E|CS|TAMS 0x00000006f7800000, 0x00000006f7800000| Complete 
| 457|0x00000006f7c00000, 0x00000006f8000000, 0x00000006f8000000|100%| E|CS|TAMS 0x00000006f7c00000, 0x00000006f7c00000| Complete 
| 458|0x00000006f8000000, 0x00000006f8400000, 0x00000006f8400000|100%| E|CS|TAMS 0x00000006f8000000, 0x00000006f8000000| Complete 
| 459|0x00000006f8400000, 0x00000006f8800000, 0x00000006f8800000|100%| E|CS|TAMS 0x00000006f8400000, 0x00000006f8400000| Complete 
| 460|0x00000006f8800000, 0x00000006f8c00000, 0x00000006f8c00000|100%| E|CS|TAMS 0x00000006f8800000, 0x00000006f8800000| Complete 
| 461|0x00000006f8c00000, 0x00000006f9000000, 0x00000006f9000000|100%| E|CS|TAMS 0x00000006f8c00000, 0x00000006f8c00000| Complete 
| 462|0x00000006f9000000, 0x00000006f9400000, 0x00000006f9400000|100%| E|CS|TAMS 0x00000006f9000000, 0x00000006f9000000| Complete 
| 463|0x00000006f9400000, 0x00000006f9800000, 0x00000006f9800000|100%| E|CS|TAMS 0x00000006f9400000, 0x00000006f9400000| Complete 
| 464|0x00000006f9800000, 0x00000006f9c00000, 0x00000006f9c00000|100%| E|CS|TAMS 0x00000006f9800000, 0x00000006f9800000| Complete 
| 465|0x00000006f9c00000, 0x00000006fa000000, 0x00000006fa000000|100%| E|CS|TAMS 0x00000006f9c00000, 0x00000006f9c00000| Complete 
| 466|0x00000006fa000000, 0x00000006fa400000, 0x00000006fa400000|100%| E|CS|TAMS 0x00000006fa000000, 0x00000006fa000000| Complete 
| 467|0x00000006fa400000, 0x00000006fa800000, 0x00000006fa800000|100%| E|CS|TAMS 0x00000006fa400000, 0x00000006fa400000| Complete 
| 468|0x00000006fa800000, 0x00000006fac00000, 0x00000006fac00000|100%| E|CS|TAMS 0x00000006fa800000, 0x00000006fa800000| Complete 
| 469|0x00000006fac00000, 0x00000006fb000000, 0x00000006fb000000|100%| E|CS|TAMS 0x00000006fac00000, 0x00000006fac00000| Complete 
| 470|0x00000006fb000000, 0x00000006fb400000, 0x00000006fb400000|100%| E|CS|TAMS 0x00000006fb000000, 0x00000006fb000000| Complete 
| 471|0x00000006fb400000, 0x00000006fb800000, 0x00000006fb800000|100%| E|CS|TAMS 0x00000006fb400000, 0x00000006fb400000| Complete 
| 472|0x00000006fb800000, 0x00000006fbc00000, 0x00000006fbc00000|100%| E|CS|TAMS 0x00000006fb800000, 0x00000006fb800000| Complete 
| 473|0x00000006fbc00000, 0x00000006fc000000, 0x00000006fc000000|100%| E|CS|TAMS 0x00000006fbc00000, 0x00000006fbc00000| Complete 
| 474|0x00000006fc000000, 0x00000006fc400000, 0x00000006fc400000|100%| E|CS|TAMS 0x00000006fc000000, 0x00000006fc000000| Complete 
| 475|0x00000006fc400000, 0x00000006fc800000, 0x00000006fc800000|100%| E|CS|TAMS 0x00000006fc400000, 0x00000006fc400000| Complete 
| 476|0x00000006fc800000, 0x00000006fcc00000, 0x00000006fcc00000|100%| E|CS|TAMS 0x00000006fc800000, 0x00000006fc800000| Complete 
| 477|0x00000006fcc00000, 0x00000006fd000000, 0x00000006fd000000|100%| E|CS|TAMS 0x00000006fcc00000, 0x00000006fcc00000| Complete 
| 478|0x00000006fd000000, 0x00000006fd400000, 0x00000006fd400000|100%| E|CS|TAMS 0x00000006fd000000, 0x00000006fd000000| Complete 
| 479|0x00000006fd400000, 0x00000006fd800000, 0x00000006fd800000|100%| E|CS|TAMS 0x00000006fd400000, 0x00000006fd400000| Complete 
| 480|0x00000006fd800000, 0x00000006fdc00000, 0x00000006fdc00000|100%| E|CS|TAMS 0x00000006fd800000, 0x00000006fd800000| Complete 
| 481|0x00000006fdc00000, 0x00000006fe000000, 0x00000006fe000000|100%| E|CS|TAMS 0x00000006fdc00000, 0x00000006fdc00000| Complete 
| 482|0x00000006fe000000, 0x00000006fe400000, 0x00000006fe400000|100%| E|CS|TAMS 0x00000006fe000000, 0x00000006fe000000| Complete 
| 483|0x00000006fe400000, 0x00000006fe800000, 0x00000006fe800000|100%| E|CS|TAMS 0x00000006fe400000, 0x00000006fe400000| Complete 
| 484|0x00000006fe800000, 0x00000006fec00000, 0x00000006fec00000|100%| E|CS|TAMS 0x00000006fe800000, 0x00000006fe800000| Complete 
| 485|0x00000006fec00000, 0x00000006ff000000, 0x00000006ff000000|100%| E|CS|TAMS 0x00000006fec00000, 0x00000006fec00000| Complete 
| 486|0x00000006ff000000, 0x00000006ff400000, 0x00000006ff400000|100%| E|CS|TAMS 0x00000006ff000000, 0x00000006ff000000| Complete 
| 487|0x00000006ff400000, 0x00000006ff800000, 0x00000006ff800000|100%| E|CS|TAMS 0x00000006ff400000, 0x00000006ff400000| Complete 
| 488|0x00000006ff800000, 0x00000006ffc00000, 0x00000006ffc00000|100%| E|CS|TAMS 0x00000006ff800000, 0x00000006ff800000| Complete 
| 489|0x00000006ffc00000, 0x0000000700000000, 0x0000000700000000|100%| E|CS|TAMS 0x00000006ffc00000, 0x00000006ffc00000| Complete 
| 490|0x0000000700000000, 0x0000000700400000, 0x0000000700400000|100%| E|CS|TAMS 0x0000000700000000, 0x0000000700000000| Complete 
| 491|0x0000000700400000, 0x0000000700800000, 0x0000000700800000|100%| E|CS|TAMS 0x0000000700400000, 0x0000000700400000| Complete 
| 492|0x0000000700800000, 0x0000000700c00000, 0x0000000700c00000|100%| E|CS|TAMS 0x0000000700800000, 0x0000000700800000| Complete 
| 493|0x0000000700c00000, 0x0000000701000000, 0x0000000701000000|100%| E|CS|TAMS 0x0000000700c00000, 0x0000000700c00000| Complete 
| 494|0x0000000701000000, 0x0000000701400000, 0x0000000701400000|100%| E|CS|TAMS 0x0000000701000000, 0x0000000701000000| Complete 
| 495|0x0000000701400000, 0x0000000701800000, 0x0000000701800000|100%| E|CS|TAMS 0x0000000701400000, 0x0000000701400000| Complete 
| 496|0x0000000701800000, 0x0000000701c00000, 0x0000000701c00000|100%| E|CS|TAMS 0x0000000701800000, 0x0000000701800000| Complete 
| 497|0x0000000701c00000, 0x0000000702000000, 0x0000000702000000|100%| E|CS|TAMS 0x0000000701c00000, 0x0000000701c00000| Complete 
| 498|0x0000000702000000, 0x0000000702400000, 0x0000000702400000|100%| E|CS|TAMS 0x0000000702000000, 0x0000000702000000| Complete 
| 499|0x0000000702400000, 0x0000000702800000, 0x0000000702800000|100%| E|CS|TAMS 0x0000000702400000, 0x0000000702400000| Complete 
| 500|0x0000000702800000, 0x0000000702c00000, 0x0000000702c00000|100%| E|CS|TAMS 0x0000000702800000, 0x0000000702800000| Complete 
| 501|0x0000000702c00000, 0x0000000703000000, 0x0000000703000000|100%| E|CS|TAMS 0x0000000702c00000, 0x0000000702c00000| Complete 
| 502|0x0000000703000000, 0x0000000703400000, 0x0000000703400000|100%| E|CS|TAMS 0x0000000703000000, 0x0000000703000000| Complete 
| 503|0x0000000703400000, 0x0000000703800000, 0x0000000703800000|100%| E|CS|TAMS 0x0000000703400000, 0x0000000703400000| Complete 
| 504|0x0000000703800000, 0x0000000703c00000, 0x0000000703c00000|100%| E|CS|TAMS 0x0000000703800000, 0x0000000703800000| Complete 
| 505|0x0000000703c00000, 0x0000000704000000, 0x0000000704000000|100%| E|CS|TAMS 0x0000000703c00000, 0x0000000703c00000| Complete 
| 506|0x0000000704000000, 0x0000000704400000, 0x0000000704400000|100%| E|CS|TAMS 0x0000000704000000, 0x0000000704000000| Complete 
| 507|0x0000000704400000, 0x0000000704800000, 0x0000000704800000|100%| E|CS|TAMS 0x0000000704400000, 0x0000000704400000| Complete 
| 508|0x0000000704800000, 0x0000000704c00000, 0x0000000704c00000|100%| E|CS|TAMS 0x0000000704800000, 0x0000000704800000| Complete 
| 509|0x0000000704c00000, 0x0000000705000000, 0x0000000705000000|100%| E|CS|TAMS 0x0000000704c00000, 0x0000000704c00000| Complete 
| 510|0x0000000705000000, 0x0000000705400000, 0x0000000705400000|100%| E|CS|TAMS 0x0000000705000000, 0x0000000705000000| Complete 
| 511|0x0000000705400000, 0x0000000705800000, 0x0000000705800000|100%| E|CS|TAMS 0x0000000705400000, 0x0000000705400000| Complete 
| 512|0x0000000705800000, 0x0000000705c00000, 0x0000000705c00000|100%| E|CS|TAMS 0x0000000705800000, 0x0000000705800000| Complete 
| 513|0x0000000705c00000, 0x0000000706000000, 0x0000000706000000|100%| E|CS|TAMS 0x0000000705c00000, 0x0000000705c00000| Complete 
| 514|0x0000000706000000, 0x0000000706400000, 0x0000000706400000|100%| E|CS|TAMS 0x0000000706000000, 0x0000000706000000| Complete 
| 515|0x0000000706400000, 0x0000000706800000, 0x0000000706800000|100%| E|CS|TAMS 0x0000000706400000, 0x0000000706400000| Complete 
| 516|0x0000000706800000, 0x0000000706c00000, 0x0000000706c00000|100%| E|CS|TAMS 0x0000000706800000, 0x0000000706800000| Complete 
| 517|0x0000000706c00000, 0x0000000707000000, 0x0000000707000000|100%| E|CS|TAMS 0x0000000706c00000, 0x0000000706c00000| Complete 
| 518|0x0000000707000000, 0x0000000707400000, 0x0000000707400000|100%| E|CS|TAMS 0x0000000707000000, 0x0000000707000000| Complete 
| 519|0x0000000707400000, 0x0000000707800000, 0x0000000707800000|100%| E|CS|TAMS 0x0000000707400000, 0x0000000707400000| Complete 
| 520|0x0000000707800000, 0x0000000707c00000, 0x0000000707c00000|100%| E|CS|TAMS 0x0000000707800000, 0x0000000707800000| Complete 
| 521|0x0000000707c00000, 0x0000000708000000, 0x0000000708000000|100%| E|CS|TAMS 0x0000000707c00000, 0x0000000707c00000| Complete 
| 522|0x0000000708000000, 0x0000000708400000, 0x0000000708400000|100%| E|CS|TAMS 0x0000000708000000, 0x0000000708000000| Complete 
| 523|0x0000000708400000, 0x0000000708800000, 0x0000000708800000|100%| E|CS|TAMS 0x0000000708400000, 0x0000000708400000| Complete 
| 524|0x0000000708800000, 0x0000000708c00000, 0x0000000708c00000|100%| E|CS|TAMS 0x0000000708800000, 0x0000000708800000| Complete 
| 525|0x0000000708c00000, 0x0000000709000000, 0x0000000709000000|100%| E|CS|TAMS 0x0000000708c00000, 0x0000000708c00000| Complete 
| 526|0x0000000709000000, 0x0000000709400000, 0x0000000709400000|100%| E|CS|TAMS 0x0000000709000000, 0x0000000709000000| Complete 
| 527|0x0000000709400000, 0x0000000709800000, 0x0000000709800000|100%| E|CS|TAMS 0x0000000709400000, 0x0000000709400000| Complete 
| 528|0x0000000709800000, 0x0000000709c00000, 0x0000000709c00000|100%| E|CS|TAMS 0x0000000709800000, 0x0000000709800000| Complete 
| 529|0x0000000709c00000, 0x000000070a000000, 0x000000070a000000|100%| E|CS|TAMS 0x0000000709c00000, 0x0000000709c00000| Complete 
| 530|0x000000070a000000, 0x000000070a400000, 0x000000070a400000|100%| E|CS|TAMS 0x000000070a000000, 0x000000070a000000| Complete 
| 531|0x000000070a400000, 0x000000070a800000, 0x000000070a800000|100%| E|CS|TAMS 0x000000070a400000, 0x000000070a400000| Complete 
| 532|0x000000070a800000, 0x000000070ac00000, 0x000000070ac00000|100%| E|CS|TAMS 0x000000070a800000, 0x000000070a800000| Complete 
| 533|0x000000070ac00000, 0x000000070b000000, 0x000000070b000000|100%| E|CS|TAMS 0x000000070ac00000, 0x000000070ac00000| Complete 
| 534|0x000000070b000000, 0x000000070b400000, 0x000000070b400000|100%| E|CS|TAMS 0x000000070b000000, 0x000000070b000000| Complete 
| 535|0x000000070b400000, 0x000000070b800000, 0x000000070b800000|100%| E|CS|TAMS 0x000000070b400000, 0x000000070b400000| Complete 
| 536|0x000000070b800000, 0x000000070bc00000, 0x000000070bc00000|100%| E|CS|TAMS 0x000000070b800000, 0x000000070b800000| Complete 
| 537|0x000000070bc00000, 0x000000070c000000, 0x000000070c000000|100%| E|CS|TAMS 0x000000070bc00000, 0x000000070bc00000| Complete 
| 538|0x000000070c000000, 0x000000070c400000, 0x000000070c400000|100%| E|CS|TAMS 0x000000070c000000, 0x000000070c000000| Complete 
| 539|0x000000070c400000, 0x000000070c800000, 0x000000070c800000|100%| E|CS|TAMS 0x000000070c400000, 0x000000070c400000| Complete 
| 540|0x000000070c800000, 0x000000070cc00000, 0x000000070cc00000|100%| E|CS|TAMS 0x000000070c800000, 0x000000070c800000| Complete 
| 541|0x000000070cc00000, 0x000000070d000000, 0x000000070d000000|100%| E|CS|TAMS 0x000000070cc00000, 0x000000070cc00000| Complete 
| 542|0x000000070d000000, 0x000000070d400000, 0x000000070d400000|100%| E|CS|TAMS 0x000000070d000000, 0x000000070d000000| Complete 
| 543|0x000000070d400000, 0x000000070d800000, 0x000000070d800000|100%| E|CS|TAMS 0x000000070d400000, 0x000000070d400000| Complete 
| 544|0x000000070d800000, 0x000000070dc00000, 0x000000070dc00000|100%| E|CS|TAMS 0x000000070d800000, 0x000000070d800000| Complete 
| 545|0x000000070dc00000, 0x000000070e000000, 0x000000070e000000|100%| E|CS|TAMS 0x000000070dc00000, 0x000000070dc00000| Complete 
| 546|0x000000070e000000, 0x000000070e400000, 0x000000070e400000|100%| E|CS|TAMS 0x000000070e000000, 0x000000070e000000| Complete 
| 547|0x000000070e400000, 0x000000070e800000, 0x000000070e800000|100%| E|CS|TAMS 0x000000070e400000, 0x000000070e400000| Complete 
| 548|0x000000070e800000, 0x000000070ec00000, 0x000000070ec00000|100%| E|CS|TAMS 0x000000070e800000, 0x000000070e800000| Complete 
| 549|0x000000070ec00000, 0x000000070f000000, 0x000000070f000000|100%| E|CS|TAMS 0x000000070ec00000, 0x000000070ec00000| Complete 
| 550|0x000000070f000000, 0x000000070f400000, 0x000000070f400000|100%| E|CS|TAMS 0x000000070f000000, 0x000000070f000000| Complete 
| 551|0x000000070f400000, 0x000000070f800000, 0x000000070f800000|100%| E|CS|TAMS 0x000000070f400000, 0x000000070f400000| Complete 
| 552|0x000000070f800000, 0x000000070fc00000, 0x000000070fc00000|100%| E|CS|TAMS 0x000000070f800000, 0x000000070f800000| Complete 
| 553|0x000000070fc00000, 0x0000000710000000, 0x0000000710000000|100%| E|CS|TAMS 0x000000070fc00000, 0x000000070fc00000| Complete 
| 554|0x0000000710000000, 0x0000000710400000, 0x0000000710400000|100%| E|CS|TAMS 0x0000000710000000, 0x0000000710000000| Complete 
| 555|0x0000000710400000, 0x0000000710800000, 0x0000000710800000|100%| E|CS|TAMS 0x0000000710400000, 0x0000000710400000| Complete 
| 556|0x0000000710800000, 0x0000000710c00000, 0x0000000710c00000|100%| E|CS|TAMS 0x0000000710800000, 0x0000000710800000| Complete 
| 557|0x0000000710c00000, 0x0000000711000000, 0x0000000711000000|100%| E|CS|TAMS 0x0000000710c00000, 0x0000000710c00000| Complete 
| 558|0x0000000711000000, 0x0000000711400000, 0x0000000711400000|100%| E|CS|TAMS 0x0000000711000000, 0x0000000711000000| Complete 
| 559|0x0000000711400000, 0x0000000711800000, 0x0000000711800000|100%| E|CS|TAMS 0x0000000711400000, 0x0000000711400000| Complete 
| 560|0x0000000711800000, 0x0000000711c00000, 0x0000000711c00000|100%| E|CS|TAMS 0x0000000711800000, 0x0000000711800000| Complete 
| 561|0x0000000711c00000, 0x0000000712000000, 0x0000000712000000|100%| E|CS|TAMS 0x0000000711c00000, 0x0000000711c00000| Complete 
| 562|0x0000000712000000, 0x0000000712400000, 0x0000000712400000|100%| E|CS|TAMS 0x0000000712000000, 0x0000000712000000| Complete 
| 563|0x0000000712400000, 0x0000000712800000, 0x0000000712800000|100%| E|CS|TAMS 0x0000000712400000, 0x0000000712400000| Complete 
| 564|0x0000000712800000, 0x0000000712c00000, 0x0000000712c00000|100%| E|CS|TAMS 0x0000000712800000, 0x0000000712800000| Complete 
| 565|0x0000000712c00000, 0x0000000713000000, 0x0000000713000000|100%| E|CS|TAMS 0x0000000712c00000, 0x0000000712c00000| Complete 
| 566|0x0000000713000000, 0x0000000713400000, 0x0000000713400000|100%| E|CS|TAMS 0x0000000713000000, 0x0000000713000000| Complete 
| 567|0x0000000713400000, 0x0000000713800000, 0x0000000713800000|100%| E|CS|TAMS 0x0000000713400000, 0x0000000713400000| Complete 
| 568|0x0000000713800000, 0x0000000713c00000, 0x0000000713c00000|100%| E|CS|TAMS 0x0000000713800000, 0x0000000713800000| Complete 
| 569|0x0000000713c00000, 0x0000000714000000, 0x0000000714000000|100%| E|CS|TAMS 0x0000000713c00000, 0x0000000713c00000| Complete 
| 570|0x0000000714000000, 0x0000000714400000, 0x0000000714400000|100%| E|CS|TAMS 0x0000000714000000, 0x0000000714000000| Complete 
| 571|0x0000000714400000, 0x0000000714800000, 0x0000000714800000|100%| E|CS|TAMS 0x0000000714400000, 0x0000000714400000| Complete 
| 572|0x0000000714800000, 0x0000000714c00000, 0x0000000714c00000|100%| E|CS|TAMS 0x0000000714800000, 0x0000000714800000| Complete 
| 573|0x0000000714c00000, 0x0000000715000000, 0x0000000715000000|100%| E|CS|TAMS 0x0000000714c00000, 0x0000000714c00000| Complete 
| 574|0x0000000715000000, 0x0000000715400000, 0x0000000715400000|100%| E|CS|TAMS 0x0000000715000000, 0x0000000715000000| Complete 
| 575|0x0000000715400000, 0x0000000715800000, 0x0000000715800000|100%| E|CS|TAMS 0x0000000715400000, 0x0000000715400000| Complete 
| 576|0x0000000715800000, 0x0000000715c00000, 0x0000000715c00000|100%| E|CS|TAMS 0x0000000715800000, 0x0000000715800000| Complete 
| 577|0x0000000715c00000, 0x0000000716000000, 0x0000000716000000|100%| E|CS|TAMS 0x0000000715c00000, 0x0000000715c00000| Complete 
| 578|0x0000000716000000, 0x0000000716400000, 0x0000000716400000|100%| E|CS|TAMS 0x0000000716000000, 0x0000000716000000| Complete 
| 579|0x0000000716400000, 0x0000000716800000, 0x0000000716800000|100%| E|CS|TAMS 0x0000000716400000, 0x0000000716400000| Complete 
| 580|0x0000000716800000, 0x0000000716c00000, 0x0000000716c00000|100%| E|CS|TAMS 0x0000000716800000, 0x0000000716800000| Complete 
| 581|0x0000000716c00000, 0x0000000717000000, 0x0000000717000000|100%| E|CS|TAMS 0x0000000716c00000, 0x0000000716c00000| Complete 
| 582|0x0000000717000000, 0x0000000717400000, 0x0000000717400000|100%| E|CS|TAMS 0x0000000717000000, 0x0000000717000000| Complete 
| 583|0x0000000717400000, 0x0000000717800000, 0x0000000717800000|100%| E|CS|TAMS 0x0000000717400000, 0x0000000717400000| Complete 
| 584|0x0000000717800000, 0x0000000717c00000, 0x0000000717c00000|100%| E|CS|TAMS 0x0000000717800000, 0x0000000717800000| Complete 
| 585|0x0000000717c00000, 0x0000000718000000, 0x0000000718000000|100%| E|CS|TAMS 0x0000000717c00000, 0x0000000717c00000| Complete 
| 586|0x0000000718000000, 0x0000000718400000, 0x0000000718400000|100%| E|CS|TAMS 0x0000000718000000, 0x0000000718000000| Complete 
| 587|0x0000000718400000, 0x0000000718800000, 0x0000000718800000|100%| E|CS|TAMS 0x0000000718400000, 0x0000000718400000| Complete 
| 588|0x0000000718800000, 0x0000000718c00000, 0x0000000718c00000|100%| E|CS|TAMS 0x0000000718800000, 0x0000000718800000| Complete 
| 589|0x0000000718c00000, 0x0000000719000000, 0x0000000719000000|100%| E|CS|TAMS 0x0000000718c00000, 0x0000000718c00000| Complete 
| 590|0x0000000719000000, 0x0000000719400000, 0x0000000719400000|100%| E|CS|TAMS 0x0000000719000000, 0x0000000719000000| Complete 
| 591|0x0000000719400000, 0x0000000719800000, 0x0000000719800000|100%| E|CS|TAMS 0x0000000719400000, 0x0000000719400000| Complete 
| 592|0x0000000719800000, 0x0000000719c00000, 0x0000000719c00000|100%| E|CS|TAMS 0x0000000719800000, 0x0000000719800000| Complete 
| 593|0x0000000719c00000, 0x000000071a000000, 0x000000071a000000|100%| E|CS|TAMS 0x0000000719c00000, 0x0000000719c00000| Complete 
| 594|0x000000071a000000, 0x000000071a400000, 0x000000071a400000|100%| E|CS|TAMS 0x000000071a000000, 0x000000071a000000| Complete 
| 595|0x000000071a400000, 0x000000071a800000, 0x000000071a800000|100%| E|CS|TAMS 0x000000071a400000, 0x000000071a400000| Complete 
| 596|0x000000071a800000, 0x000000071ac00000, 0x000000071ac00000|100%| E|CS|TAMS 0x000000071a800000, 0x000000071a800000| Complete 
| 597|0x000000071ac00000, 0x000000071b000000, 0x000000071b000000|100%| E|CS|TAMS 0x000000071ac00000, 0x000000071ac00000| Complete 
| 598|0x000000071b000000, 0x000000071b400000, 0x000000071b400000|100%| E|CS|TAMS 0x000000071b000000, 0x000000071b000000| Complete 
| 599|0x000000071b400000, 0x000000071b800000, 0x000000071b800000|100%| E|CS|TAMS 0x000000071b400000, 0x000000071b400000| Complete 
| 600|0x000000071b800000, 0x000000071bc00000, 0x000000071bc00000|100%| E|CS|TAMS 0x000000071b800000, 0x000000071b800000| Complete 
| 601|0x000000071bc00000, 0x000000071c000000, 0x000000071c000000|100%| E|CS|TAMS 0x000000071bc00000, 0x000000071bc00000| Complete 
| 602|0x000000071c000000, 0x000000071c400000, 0x000000071c400000|100%| E|CS|TAMS 0x000000071c000000, 0x000000071c000000| Complete 
| 603|0x000000071c400000, 0x000000071c800000, 0x000000071c800000|100%| E|CS|TAMS 0x000000071c400000, 0x000000071c400000| Complete 
| 604|0x000000071c800000, 0x000000071cc00000, 0x000000071cc00000|100%| E|CS|TAMS 0x000000071c800000, 0x000000071c800000| Complete 
| 605|0x000000071cc00000, 0x000000071d000000, 0x000000071d000000|100%| E|CS|TAMS 0x000000071cc00000, 0x000000071cc00000| Complete 
| 606|0x000000071d000000, 0x000000071d400000, 0x000000071d400000|100%| E|CS|TAMS 0x000000071d000000, 0x000000071d000000| Complete 
| 607|0x000000071d400000, 0x000000071d800000, 0x000000071d800000|100%| E|CS|TAMS 0x000000071d400000, 0x000000071d400000| Complete 
| 608|0x000000071d800000, 0x000000071dc00000, 0x000000071dc00000|100%| E|CS|TAMS 0x000000071d800000, 0x000000071d800000| Complete 
| 609|0x000000071dc00000, 0x000000071e000000, 0x000000071e000000|100%| E|CS|TAMS 0x000000071dc00000, 0x000000071dc00000| Complete 
| 610|0x000000071e000000, 0x000000071e400000, 0x000000071e400000|100%| E|CS|TAMS 0x000000071e000000, 0x000000071e000000| Complete 
| 611|0x000000071e400000, 0x000000071e800000, 0x000000071e800000|100%| E|CS|TAMS 0x000000071e400000, 0x000000071e400000| Complete 
| 612|0x000000071e800000, 0x000000071ec00000, 0x000000071ec00000|100%| E|CS|TAMS 0x000000071e800000, 0x000000071e800000| Complete 
| 613|0x000000071ec00000, 0x000000071f000000, 0x000000071f000000|100%| E|CS|TAMS 0x000000071ec00000, 0x000000071ec00000| Complete 
| 614|0x000000071f000000, 0x000000071f400000, 0x000000071f400000|100%| E|CS|TAMS 0x000000071f000000, 0x000000071f000000| Complete 
| 615|0x000000071f400000, 0x000000071f800000, 0x000000071f800000|100%| E|CS|TAMS 0x000000071f400000, 0x000000071f400000| Complete 
| 616|0x000000071f800000, 0x000000071fc00000, 0x000000071fc00000|100%| E|CS|TAMS 0x000000071f800000, 0x000000071f800000| Complete 
| 617|0x000000071fc00000, 0x0000000720000000, 0x0000000720000000|100%| E|CS|TAMS 0x000000071fc00000, 0x000000071fc00000| Complete 
| 618|0x0000000720000000, 0x0000000720400000, 0x0000000720400000|100%| E|CS|TAMS 0x0000000720000000, 0x0000000720000000| Complete 
| 619|0x0000000720400000, 0x0000000720800000, 0x0000000720800000|100%| E|CS|TAMS 0x0000000720400000, 0x0000000720400000| Complete 
| 620|0x0000000720800000, 0x0000000720c00000, 0x0000000720c00000|100%| E|CS|TAMS 0x0000000720800000, 0x0000000720800000| Complete 
| 621|0x0000000720c00000, 0x0000000721000000, 0x0000000721000000|100%| E|CS|TAMS 0x0000000720c00000, 0x0000000720c00000| Complete 
| 622|0x0000000721000000, 0x0000000721400000, 0x0000000721400000|100%| E|CS|TAMS 0x0000000721000000, 0x0000000721000000| Complete 
| 623|0x0000000721400000, 0x0000000721800000, 0x0000000721800000|100%| E|CS|TAMS 0x0000000721400000, 0x0000000721400000| Complete 
| 624|0x0000000721800000, 0x0000000721c00000, 0x0000000721c00000|100%| E|CS|TAMS 0x0000000721800000, 0x0000000721800000| Complete 
| 625|0x0000000721c00000, 0x0000000722000000, 0x0000000722000000|100%| E|CS|TAMS 0x0000000721c00000, 0x0000000721c00000| Complete 
| 626|0x0000000722000000, 0x0000000722400000, 0x0000000722400000|100%| E|CS|TAMS 0x0000000722000000, 0x0000000722000000| Complete 
| 627|0x0000000722400000, 0x0000000722800000, 0x0000000722800000|100%| E|CS|TAMS 0x0000000722400000, 0x0000000722400000| Complete 
| 628|0x0000000722800000, 0x0000000722c00000, 0x0000000722c00000|100%| E|CS|TAMS 0x0000000722800000, 0x0000000722800000| Complete 
| 629|0x0000000722c00000, 0x0000000723000000, 0x0000000723000000|100%| E|CS|TAMS 0x0000000722c00000, 0x0000000722c00000| Complete 
| 630|0x0000000723000000, 0x0000000723400000, 0x0000000723400000|100%| E|CS|TAMS 0x0000000723000000, 0x0000000723000000| Complete 
| 631|0x0000000723400000, 0x0000000723800000, 0x0000000723800000|100%| E|CS|TAMS 0x0000000723400000, 0x0000000723400000| Complete 
| 632|0x0000000723800000, 0x0000000723c00000, 0x0000000723c00000|100%| E|CS|TAMS 0x0000000723800000, 0x0000000723800000| Complete 
|1511|0x00000007ff400000, 0x00000007ff800000, 0x00000007ff800000|100%| O|  |TAMS 0x00000007ff800000, 0x00000007ff400000| Untracked 
|1513|0x00000007ffc00000, 0x0000000800000000, 0x0000000800000000|100%| E|CS|TAMS 0x00000007ffc00000, 0x00000007ffc00000| Complete 

Card table byte_map: [0x000001eacfd70000,0x000001ead0950000] _byte_map_base: 0x000001eacc944000

Marking Bits (Prev, Next): (CMBitMap*) 0x000001eab840ed70, (CMBitMap*) 0x000001eab840edb0
 Prev Bits: [0x000001ead1530000, 0x000001ead73d0000)
 Next Bits: [0x000001ead73d0000, 0x000001eadd270000)

Polling page: 0x000001eab6570000

Metaspace:

Usage:
  Non-class:     21.87 MB used.
      Class:      2.49 MB used.
       Both:     24.36 MB used.

Virtual space:
  Non-class space:       64.00 MB reserved,      22.06 MB ( 34%) committed,  1 nodes.
      Class space:        1.00 GB reserved,       2.69 MB ( <1%) committed,  1 nodes.
             Both:        1.06 GB reserved,      24.75 MB (  2%) committed. 

Chunk freelists:
   Non-Class:  9.55 MB
       Class:  13.17 MB
        Both:  22.72 MB

MaxMetaspaceSize: unlimited
CompressedClassSpaceSize: 1.00 GB
Initial GC threshold: 21.00 MB
Current GC threshold: 35.44 MB
CDS: on
MetaspaceReclaimPolicy: balanced
 - commit_granule_bytes: 65536.
 - commit_granule_words: 8192.
 - virtual_space_node_default_size: 8388608.
 - enlarge_chunks_in_place: 1.
 - new_chunks_are_fully_committed: 0.
 - uncommit_free_chunks: 1.
 - use_allocation_guard: 0.
 - handle_deallocations: 1.


Internal statistics:

num_allocs_failed_limit: 3.
num_arena_births: 466.
num_arena_deaths: 0.
num_vsnodes_births: 2.
num_vsnodes_deaths: 0.
num_space_committed: 395.
num_space_uncommitted: 0.
num_chunks_returned_to_freelist: 3.
num_chunks_taken_from_freelist: 1504.
num_chunk_merges: 3.
num_chunk_splits: 896.
num_chunks_enlarged: 512.
num_inconsistent_stats: 0.

CodeHeap 'non-profiled nmethods': size=120000Kb used=9731Kb max_used=10606Kb free=110268Kb
 bounds [0x000001eac7710000, 0x000001eac8170000, 0x000001eacec40000]
CodeHeap 'profiled nmethods': size=120000Kb used=16632Kb max_used=17050Kb free=103367Kb
 bounds [0x000001eabfc40000, 0x000001eac0d10000, 0x000001eac7170000]
CodeHeap 'non-nmethods': size=5760Kb used=1225Kb max_used=1290Kb free=4534Kb
 bounds [0x000001eac7170000, 0x000001eac73e0000, 0x000001eac7710000]
 total_blobs=8935 nmethods=8408 adapters=437
 compilation: enabled
              stopped_count=0, restarted_count=0
 full_count=0

Compilation events (20 events):
Event: 48.083 Thread 0x000001eadfeb8ef0 12363       2       com.sun.tools.javac.jvm.Items$Item::mkCond (16 bytes)
Event: 48.084 Thread 0x000001eadfeb8ef0 nmethod 12363 0x000001eac0a1fd10 code [0x000001eac0a1fec0, 0x000001eac0a20038]
Event: 48.084 Thread 0x000001eadfeb8ef0 12360       2       com.sun.tools.javac.comp.Lower::visitUnary (254 bytes)
Event: 48.085 Thread 0x000001eadfeb8ef0 nmethod 12360 0x000001eac0a0dd10 code [0x000001eac0a0dfc0, 0x000001eac0a0eb38]
Event: 48.085 Thread 0x000001eadfeb8ef0 12359       2       com.sun.tools.javac.tree.TreeTranslator::visitUnary (21 bytes)
Event: 48.085 Thread 0x000001eadfeb8ef0 nmethod 12359 0x000001eac049ad10 code [0x000001eac049aec0, 0x000001eac049b128]
Event: 48.085 Thread 0x000001eadfeb8ef0 12361       2       com.sun.tools.javac.comp.Lower::visitParens (27 bytes)
Event: 48.086 Thread 0x000001eadfeb8ef0 nmethod 12361 0x000001eac0625a10 code [0x000001eac0625bc0, 0x000001eac0625d68]
Event: 48.086 Thread 0x000001eadfeb8ef0 12358       2       com.sun.tools.javac.comp.Flow$BaseAnalyzer::<init> (5 bytes)
Event: 48.086 Thread 0x000001eadfeb8ef0 nmethod 12358 0x000001eac0098790 code [0x000001eac0098920, 0x000001eac0098a18]
Event: 48.096 Thread 0x000001eb2729b070 nmethod 12235 0x000001eac7dea510 code [0x000001eac7dea860, 0x000001eac7ded7a8]
Event: 48.098 Thread 0x000001eb2729b070 12313       4       com.sun.tools.javac.comp.Attr$TypeAnnotationsValidator::validateAnnotatedType (679 bytes)
Event: 48.100 Thread 0x000001eadfeb8ef0 12367       2       com.sun.tools.javac.tree.JCTree$Visitor::visitSelect (6 bytes)
Event: 48.100 Thread 0x000001eadfeb8ef0 nmethod 12367 0x000001eac0283590 code [0x000001eac0283720, 0x000001eac0283848]
Event: 48.102 Thread 0x000001eadfeb8ef0 12368       2       com.sun.tools.javac.code.Types::returnTypeSubstitutable (41 bytes)
Event: 48.103 Thread 0x000001eadfeb8ef0 nmethod 12368 0x000001eabfc9c810 code [0x000001eabfc9ca20, 0x000001eabfc9ce38]
Event: 48.103 Thread 0x000001eadfeb8ef0 12369       2       com.sun.tools.javac.code.Types::resultSubtype (42 bytes)
Event: 48.103 Thread 0x000001eadfeb8ef0 nmethod 12369 0x000001eac0642910 code [0x000001eac0642ae0, 0x000001eac0642cf8]
Event: 48.105 Thread 0x000001eadfeb8ef0 12371       2       com.sun.tools.javac.code.Symbol::outermostClass (29 bytes)
Event: 48.105 Thread 0x000001eadfeb8ef0 nmethod 12371 0x000001eac02d9410 code [0x000001eac02d95a0, 0x000001eac02d9778]

GC Heap History (20 events):
Event: 33.703 GC heap before
{Heap before GC invocations=62 (full 0):
 garbage-first heap   total 2134016K, used 1484660K [0x0000000685800000, 0x0000000800000000)
  region size 4096K, 312 young (1277952K), 24 survivors (98304K)
 Metaspace       used 15421K, committed 15680K, reserved 1114112K
  class space    used 1546K, committed 1664K, reserved 1048576K
}
Event: 33.834 GC heap after
{Heap after GC invocations=63 (full 0):
 garbage-first heap   total 2547712K, used 309842K [0x0000000685800000, 0x0000000800000000)
  region size 4096K, 22 young (90112K), 22 survivors (90112K)
 Metaspace       used 15421K, committed 15680K, reserved 1114112K
  class space    used 1546K, committed 1664K, reserved 1048576K
}
Event: 36.262 GC heap before
{Heap before GC invocations=63 (full 0):
 garbage-first heap   total 2547712K, used 1071698K [0x0000000685800000, 0x0000000800000000)
  region size 4096K, 209 young (856064K), 22 survivors (90112K)
 Metaspace       used 21228K, committed 21504K, reserved 1114112K
  class space    used 2249K, committed 2368K, reserved 1048576K
}
Event: 36.339 GC heap after
{Heap after GC invocations=64 (full 0):
 garbage-first heap   total 2547712K, used 339081K [0x0000000685800000, 0x0000000800000000)
  region size 4096K, 29 young (118784K), 29 survivors (118784K)
 Metaspace       used 21228K, committed 21504K, reserved 1114112K
  class space    used 2249K, committed 2368K, reserved 1048576K
}
Event: 38.695 GC heap before
{Heap before GC invocations=65 (full 0):
 garbage-first heap   total 1163264K, used 1027209K [0x0000000685800000, 0x0000000800000000)
  region size 4096K, 201 young (823296K), 29 survivors (118784K)
 Metaspace       used 22325K, committed 22656K, reserved 1114112K
  class space    used 2317K, committed 2496K, reserved 1048576K
}
Event: 38.763 GC heap after
{Heap after GC invocations=66 (full 0):
 garbage-first heap   total 1163264K, used 330627K [0x0000000685800000, 0x0000000800000000)
  region size 4096K, 25 young (102400K), 25 survivors (102400K)
 Metaspace       used 22325K, committed 22656K, reserved 1114112K
  class space    used 2317K, committed 2496K, reserved 1048576K
}
Event: 38.789 GC heap before
{Heap before GC invocations=66 (full 0):
 garbage-first heap   total 1163264K, used 334723K [0x0000000685800000, 0x0000000800000000)
  region size 4096K, 26 young (106496K), 25 survivors (102400K)
 Metaspace       used 22337K, committed 22656K, reserved 1114112K
  class space    used 2317K, committed 2496K, reserved 1048576K
}
Event: 38.841 GC heap after
{Heap after GC invocations=67 (full 0):
 garbage-first heap   total 1163264K, used 331657K [0x0000000685800000, 0x0000000800000000)
  region size 4096K, 4 young (16384K), 4 survivors (16384K)
 Metaspace       used 22337K, committed 22656K, reserved 1114112K
  class space    used 2317K, committed 2496K, reserved 1048576K
}
Event: 40.575 GC heap before
{Heap before GC invocations=67 (full 0):
 garbage-first heap   total 1163264K, used 1003401K [0x0000000685800000, 0x0000000800000000)
  region size 4096K, 168 young (688128K), 4 survivors (16384K)
 Metaspace       used 22622K, committed 22976K, reserved 1114112K
  class space    used 2328K, committed 2496K, reserved 1048576K
}
Event: 40.579 GC heap after
{Heap after GC invocations=68 (full 0):
 garbage-first heap   total 1163264K, used 325118K [0x0000000685800000, 0x0000000800000000)
  region size 4096K, 3 young (12288K), 3 survivors (12288K)
 Metaspace       used 22622K, committed 22976K, reserved 1114112K
  class space    used 2328K, committed 2496K, reserved 1048576K
}
Event: 41.592 GC heap before
{Heap before GC invocations=68 (full 0):
 garbage-first heap   total 1163264K, used 1005054K [0x0000000685800000, 0x0000000800000000)
  region size 4096K, 169 young (692224K), 3 survivors (12288K)
 Metaspace       used 22643K, committed 22976K, reserved 1114112K
  class space    used 2328K, committed 2496K, reserved 1048576K
}
Event: 41.615 GC heap after
{Heap after GC invocations=69 (full 0):
 garbage-first heap   total 1163264K, used 358264K [0x0000000685800000, 0x0000000800000000)
  region size 4096K, 11 young (45056K), 11 survivors (45056K)
 Metaspace       used 22643K, committed 22976K, reserved 1114112K
  class space    used 2328K, committed 2496K, reserved 1048576K
}
Event: 42.376 GC heap before
{Heap before GC invocations=69 (full 0):
 garbage-first heap   total 1163264K, used 984952K [0x0000000685800000, 0x0000000800000000)
  region size 4096K, 164 young (671744K), 11 survivors (45056K)
 Metaspace       used 22659K, committed 22976K, reserved 1114112K
  class space    used 2328K, committed 2496K, reserved 1048576K
}
Event: 42.392 GC heap after
{Heap after GC invocations=70 (full 0):
 garbage-first heap   total 1163264K, used 360292K [0x0000000685800000, 0x0000000800000000)
  region size 4096K, 11 young (45056K), 11 survivors (45056K)
 Metaspace       used 22659K, committed 22976K, reserved 1114112K
  class space    used 2328K, committed 2496K, reserved 1048576K
}
Event: 43.235 GC heap before
{Heap before GC invocations=70 (full 0):
 garbage-first heap   total 1163264K, used 999268K [0x0000000685800000, 0x0000000800000000)
  region size 4096K, 167 young (684032K), 11 survivors (45056K)
 Metaspace       used 22667K, committed 22976K, reserved 1114112K
  class space    used 2328K, committed 2496K, reserved 1048576K
}
Event: 43.245 GC heap after
{Heap after GC invocations=71 (full 0):
 garbage-first heap   total 1163264K, used 338133K [0x0000000685800000, 0x0000000800000000)
  region size 4096K, 6 young (24576K), 6 survivors (24576K)
 Metaspace       used 22667K, committed 22976K, reserved 1114112K
  class space    used 2328K, committed 2496K, reserved 1048576K
}
Event: 43.941 GC heap before
{Heap before GC invocations=71 (full 0):
 garbage-first heap   total 1163264K, used 1001685K [0x0000000685800000, 0x0000000800000000)
  region size 4096K, 168 young (688128K), 6 survivors (24576K)
 Metaspace       used 22676K, committed 22976K, reserved 1114112K
  class space    used 2328K, committed 2496K, reserved 1048576K
}
Event: 43.970 GC heap after
{Heap after GC invocations=72 (full 0):
 garbage-first heap   total 1163264K, used 344423K [0x0000000685800000, 0x0000000800000000)
  region size 4096K, 8 young (32768K), 8 survivors (32768K)
 Metaspace       used 22676K, committed 22976K, reserved 1114112K
  class space    used 2328K, committed 2496K, reserved 1048576K
}
Event: 44.660 GC heap before
{Heap before GC invocations=72 (full 0):
 garbage-first heap   total 1163264K, used 995687K [0x0000000685800000, 0x0000000800000000)
  region size 4096K, 167 young (684032K), 8 survivors (32768K)
 Metaspace       used 22697K, committed 23040K, reserved 1114112K
  class space    used 2328K, committed 2496K, reserved 1048576K
}
Event: 44.797 GC heap after
{Heap after GC invocations=73 (full 0):
 garbage-first heap   total 2600960K, used 337850K [0x0000000685800000, 0x0000000800000000)
  region size 4096K, 6 young (24576K), 6 survivors (24576K)
 Metaspace       used 22697K, committed 23040K, reserved 1114112K
  class space    used 2328K, committed 2496K, reserved 1048576K
}

Deoptimization events (20 events):
Event: 47.963 Thread 0x000001eab8385530 Uncommon trap: trap_request=0xffffff66 fr.pc=0x000001eac79a4d20 relative=0x00000000000011c0
Event: 47.963 Thread 0x000001eab8385530 Uncommon trap: reason=speculate_class_check action=maybe_recompile pc=0x000001eac79a4d20 method=com.sun.tools.javac.tree.JCTree.hasTag(Lcom/sun/tools/javac/tree/JCTree$Tag;)Z @ 2 c2
Event: 47.963 Thread 0x000001eab8385530 DEOPT PACKING pc=0x000001eac79a4d20 sp=0x0000004b63afd790
Event: 47.963 Thread 0x000001eab8385530 DEOPT UNPACKING pc=0x000001eac71c23a3 sp=0x0000004b63afd6c0 mode 2
Event: 47.963 Thread 0x000001eab8385530 Uncommon trap: trap_request=0xffffff66 fr.pc=0x000001eac79a4d20 relative=0x00000000000011c0
Event: 47.963 Thread 0x000001eab8385530 Uncommon trap: reason=speculate_class_check action=maybe_recompile pc=0x000001eac79a4d20 method=com.sun.tools.javac.tree.JCTree.hasTag(Lcom/sun/tools/javac/tree/JCTree$Tag;)Z @ 2 c2
Event: 47.963 Thread 0x000001eab8385530 DEOPT PACKING pc=0x000001eac79a4d20 sp=0x0000004b63afd790
Event: 47.963 Thread 0x000001eab8385530 DEOPT UNPACKING pc=0x000001eac71c23a3 sp=0x0000004b63afd6c0 mode 2
Event: 47.966 Thread 0x000001eab8385530 Uncommon trap: trap_request=0xffffffde fr.pc=0x000001eac815f1bc relative=0x000000000000017c
Event: 47.966 Thread 0x000001eab8385530 Uncommon trap: reason=class_check action=maybe_recompile pc=0x000001eac815f1bc method=com.sun.tools.javac.jvm.ClassWriter$StackMapTableFrame.isInt(Lcom/sun/tools/javac/code/Type;)Z @ 1 c2
Event: 47.967 Thread 0x000001eab8385530 DEOPT PACKING pc=0x000001eac815f1bc sp=0x0000004b63afce40
Event: 47.967 Thread 0x000001eab8385530 DEOPT UNPACKING pc=0x000001eac71c23a3 sp=0x0000004b63afcd88 mode 2
Event: 47.968 Thread 0x000001eab8385530 Uncommon trap: trap_request=0xffffffde fr.pc=0x000001eac815f1bc relative=0x000000000000017c
Event: 47.968 Thread 0x000001eab8385530 Uncommon trap: reason=class_check action=maybe_recompile pc=0x000001eac815f1bc method=com.sun.tools.javac.jvm.ClassWriter$StackMapTableFrame.isInt(Lcom/sun/tools/javac/code/Type;)Z @ 1 c2
Event: 47.968 Thread 0x000001eab8385530 DEOPT PACKING pc=0x000001eac815f1bc sp=0x0000004b63afcf20
Event: 47.968 Thread 0x000001eab8385530 DEOPT UNPACKING pc=0x000001eac71c23a3 sp=0x0000004b63afce68 mode 2
Event: 47.968 Thread 0x000001eab8385530 Uncommon trap: trap_request=0xffffffde fr.pc=0x000001eac815f1bc relative=0x000000000000017c
Event: 47.968 Thread 0x000001eab8385530 Uncommon trap: reason=class_check action=maybe_recompile pc=0x000001eac815f1bc method=com.sun.tools.javac.jvm.ClassWriter$StackMapTableFrame.isInt(Lcom/sun/tools/javac/code/Type;)Z @ 1 c2
Event: 47.968 Thread 0x000001eab8385530 DEOPT PACKING pc=0x000001eac815f1bc sp=0x0000004b63afcf20
Event: 47.968 Thread 0x000001eab8385530 DEOPT UNPACKING pc=0x000001eac71c23a3 sp=0x0000004b63afce68 mode 2

Classes unloaded (0 events):
No events

Classes redefined (0 events):
No events

Internal exceptions (20 events):
Event: 48.042 Thread 0x000001eab8385530 Exception <a 'sun/nio/fs/WindowsException'{0x00000006d8b156b0}> (0x00000006d8b156b0) 
thrown [s\open\src\hotspot\share\prims\jni.cpp, line 516]
Event: 48.042 Thread 0x000001eab8385530 Exception <a 'sun/nio/fs/WindowsException'{0x00000006d8b16020}> (0x00000006d8b16020) 
thrown [s\open\src\hotspot\share\prims\jni.cpp, line 516]
Event: 48.068 Thread 0x000001eab8385530 Exception <a 'sun/nio/fs/WindowsException'{0x00000006d80d6958}> (0x00000006d80d6958) 
thrown [s\open\src\hotspot\share\prims\jni.cpp, line 516]
Event: 48.068 Thread 0x000001eab8385530 Exception <a 'sun/nio/fs/WindowsException'{0x00000006d80d6da0}> (0x00000006d80d6da0) 
thrown [s\open\src\hotspot\share\prims\jni.cpp, line 516]
Event: 48.068 Thread 0x000001eab8385530 Exception <a 'sun/nio/fs/WindowsException'{0x00000006d80d7718}> (0x00000006d80d7718) 
thrown [s\open\src\hotspot\share\prims\jni.cpp, line 516]
Event: 48.091 Thread 0x000001eab8385530 Exception <a 'sun/nio/fs/WindowsException'{0x00000006d820e090}> (0x00000006d820e090) 
thrown [s\open\src\hotspot\share\prims\jni.cpp, line 516]
Event: 48.091 Thread 0x000001eab8385530 Exception <a 'sun/nio/fs/WindowsException'{0x00000006d820e4b0}> (0x00000006d820e4b0) 
thrown [s\open\src\hotspot\share\prims\jni.cpp, line 516]
Event: 48.091 Thread 0x000001eab8385530 Exception <a 'sun/nio/fs/WindowsException'{0x00000006d820ed70}> (0x00000006d820ed70) 
thrown [s\open\src\hotspot\share\prims\jni.cpp, line 516]
Event: 48.097 Thread 0x000001eab8385530 Exception <a 'sun/nio/fs/WindowsException'{0x00000006d82c9d60}> (0x00000006d82c9d60) 
thrown [s\open\src\hotspot\share\prims\jni.cpp, line 516]
Event: 48.097 Thread 0x000001eab8385530 Exception <a 'sun/nio/fs/WindowsException'{0x00000006d82ca190}> (0x00000006d82ca190) 
thrown [s\open\src\hotspot\share\prims\jni.cpp, line 516]
Event: 48.097 Thread 0x000001eab8385530 Exception <a 'sun/nio/fs/WindowsException'{0x00000006d82caaa8}> (0x00000006d82caaa8) 
thrown [s\open\src\hotspot\share\prims\jni.cpp, line 516]
Event: 48.098 Thread 0x000001eab8385530 Exception <a 'sun/nio/fs/WindowsException'{0x00000006d82d7718}> (0x00000006d82d7718) 
thrown [s\open\src\hotspot\share\prims\jni.cpp, line 516]
Event: 48.098 Thread 0x000001eab8385530 Exception <a 'sun/nio/fs/WindowsException'{0x00000006d82d7b58}> (0x00000006d82d7b58) 
thrown [s\open\src\hotspot\share\prims\jni.cpp, line 516]
Event: 48.098 Thread 0x000001eab8385530 Exception <a 'sun/nio/fs/WindowsException'{0x00000006d82d84c8}> (0x00000006d82d84c8) 
thrown [s\open\src\hotspot\share\prims\jni.cpp, line 516]
Event: 48.104 Thread 0x000001eab8385530 Exception <a 'sun/nio/fs/WindowsException'{0x00000006d837bad0}> (0x00000006d837bad0) 
thrown [s\open\src\hotspot\share\prims\jni.cpp, line 516]
Event: 48.104 Thread 0x000001eab8385530 Exception <a 'sun/nio/fs/WindowsException'{0x00000006d837bf30}> (0x00000006d837bf30) 
thrown [s\open\src\hotspot\share\prims\jni.cpp, line 516]
Event: 48.104 Thread 0x000001eab8385530 Exception <a 'sun/nio/fs/WindowsException'{0x00000006d837c950}> (0x00000006d837c950) 
thrown [s\open\src\hotspot\share\prims\jni.cpp, line 516]
Event: 48.107 Thread 0x000001eab8385530 Exception <a 'sun/nio/fs/WindowsException'{0x00000006d839d920}> (0x00000006d839d920) 
thrown [s\open\src\hotspot\share\prims\jni.cpp, line 516]
Event: 48.107 Thread 0x000001eab8385530 Exception <a 'sun/nio/fs/WindowsException'{0x00000006d839dd50}> (0x00000006d839dd50) 
thrown [s\open\src\hotspot\share\prims\jni.cpp, line 516]
Event: 48.107 Thread 0x000001eab8385530 Exception <a 'sun/nio/fs/WindowsException'{0x00000006d839e668}> (0x00000006d839e668) 
thrown [s\open\src\hotspot\share\prims\jni.cpp, line 516]

VM Operations (20 events):
Event: 47.269 Executing VM operation: ICBufferFull
Event: 47.269 Executing VM operation: ICBufferFull done
Event: 47.385 Executing VM operation: ICBufferFull
Event: 47.385 Executing VM operation: ICBufferFull done
Event: 47.398 Executing VM operation: HandshakeAllThreads
Event: 47.398 Executing VM operation: HandshakeAllThreads done
Event: 47.526 Executing VM operation: ICBufferFull
Event: 47.526 Executing VM operation: ICBufferFull done
Event: 47.607 Executing VM operation: HandshakeAllThreads
Event: 47.608 Executing VM operation: HandshakeAllThreads done
Event: 47.632 Executing VM operation: ICBufferFull
Event: 47.632 Executing VM operation: ICBufferFull done
Event: 47.644 Executing VM operation: HandshakeAllThreads
Event: 47.644 Executing VM operation: HandshakeAllThreads done
Event: 47.689 Executing VM operation: HandshakeAllThreads
Event: 47.689 Executing VM operation: HandshakeAllThreads done
Event: 47.766 Executing VM operation: ICBufferFull
Event: 47.766 Executing VM operation: ICBufferFull done
Event: 47.927 Executing VM operation: ICBufferFull
Event: 47.928 Executing VM operation: ICBufferFull done

Events (20 events):
Event: 47.709 Thread 0x000001eadfebb900 flushing nmethod 0x000001eac0a0e590
Event: 47.709 Thread 0x000001eadfebb900 flushing nmethod 0x000001eac0a1fd10
Event: 47.709 Thread 0x000001eadfebb900 flushing nmethod 0x000001eac0a29f10
Event: 47.709 Thread 0x000001eadfebb900 flushing nmethod 0x000001eac0a2ac10
Event: 47.709 Thread 0x000001eadfebb900 flushing nmethod 0x000001eac0a2b190
Event: 47.709 Thread 0x000001eadfebb900 flushing nmethod 0x000001eac0a2db90
Event: 47.709 Thread 0x000001eadfebb900 flushing nmethod 0x000001eac0a2e010
Event: 47.709 Thread 0x000001eadfebb900 flushing nmethod 0x000001eac0a2e490
Event: 47.709 Thread 0x000001eadfebb900 flushing nmethod 0x000001eac0a2ea10
Event: 47.709 Thread 0x000001eadfebb900 flushing nmethod 0x000001eac0a2f390
Event: 47.710 Thread 0x000001eadfebb900 flushing nmethod 0x000001eac0aa7690
Event: 47.710 Thread 0x000001eadfebb900 flushing nmethod 0x000001eac0ab6190
Event: 47.710 Thread 0x000001eadfebb900 flushing nmethod 0x000001eac0ab7210
Event: 47.710 Thread 0x000001eadfebb900 flushing nmethod 0x000001eac0ab8090
Event: 47.710 Thread 0x000001eadfebb900 flushing nmethod 0x000001eac0ab8c90
Event: 47.710 Thread 0x000001eadfebb900 flushing nmethod 0x000001eac0ab9190
Event: 47.710 Thread 0x000001eadfebb900 flushing nmethod 0x000001eac0b06b10
Event: 47.711 Thread 0x000001eadfebb900 flushing nmethod 0x000001eac0b40d90
Event: 47.711 Thread 0x000001eadfebb900 flushing nmethod 0x000001eac0ba2390
Event: 47.711 Thread 0x000001eadfebb900 flushing nmethod 0x000001eac0bb1c90


Dynamic libraries:
0x00007ff7d7270000 - 0x00007ff7d7278000 	C:\Program Files\Java\jdk-17\bin\javac.exe
0x00007ffad08a0000 - 0x00007ffad0b06000 	C:\WINDOWS\SYSTEM32\ntdll.dll
0x00007ffacfe80000 - 0x00007ffacff49000 	C:\WINDOWS\System32\KERNEL32.DLL
0x00007ffacdf90000 - 0x00007fface38e000 	C:\WINDOWS\System32\KERNELBASE.dll
0x00007ffacdda0000 - 0x00007ffacdeec000 	C:\WINDOWS\System32\ucrtbase.dll
0x00007ffac2010000 - 0x00007ffac2029000 	C:\Program Files\Java\jdk-17\bin\jli.dll
0x00007fface7c0000 - 0x00007fface877000 	C:\WINDOWS\System32\ADVAPI32.dll
0x00007ffac2210000 - 0x00007ffac222b000 	C:\Program Files\Java\jdk-17\bin\VCRUNTIME140.dll
0x00007ffad07b0000 - 0x00007ffad0859000 	C:\WINDOWS\System32\msvcrt.dll
0x00007ffacf900000 - 0x00007ffacf9aa000 	C:\WINDOWS\System32\sechost.dll
0x00007fface910000 - 0x00007ffacea28000 	C:\WINDOWS\System32\RPCRT4.dll
0x00007ffacfcb0000 - 0x00007ffacfe77000 	C:\WINDOWS\System32\USER32.dll
0x00007ffacdd70000 - 0x00007ffacdd97000 	C:\WINDOWS\System32\win32u.dll
0x00007ffaa4ac0000 - 0x00007ffaa4d52000 	C:\WINDOWS\WinSxS\amd64_microsoft.windows.common-controls_6595b64144ccf1df_6.0.26100.8875_none_3e0d5d42e32fe9dd\COMCTL32.dll
0x00007ffacff50000 - 0x00007ffacff7b000 	C:\WINDOWS\System32\GDI32.dll
0x00007ffacdac0000 - 0x00007ffacdbea000 	C:\WINDOWS\System32\gdi32full.dll
0x00007fface3a0000 - 0x00007fface443000 	C:\WINDOWS\System32\msvcp_win.dll
0x00007ffab7fb0000 - 0x00007ffab7fbb000 	C:\WINDOWS\SYSTEM32\VERSION.dll
0x00007ffad05a0000 - 0x00007ffad05d2000 	C:\WINDOWS\System32\IMM32.DLL
0x00007ffac49e0000 - 0x00007ffac49ec000 	C:\Program Files\Java\jdk-17\bin\vcruntime140_1.dll
0x00007ffa76c70000 - 0x00007ffa76cfe000 	C:\Program Files\Java\jdk-17\bin\msvcp140.dll
0x00007ffa17940000 - 0x00007ffa18520000 	C:\Program Files\Java\jdk-17\bin\server\jvm.dll
0x00007ffad0590000 - 0x00007ffad0598000 	C:\WINDOWS\System32\PSAPI.DLL
0x00007ffac2bc0000 - 0x00007ffac2bca000 	C:\WINDOWS\SYSTEM32\WSOCK32.dll
0x00007ffac3050000 - 0x00007ffac3086000 	C:\WINDOWS\SYSTEM32\WINMM.dll
0x00007fface650000 - 0x00007fface6d0000 	C:\WINDOWS\System32\WS2_32.dll
0x00007ffacc780000 - 0x00007ffacc79b000 	C:\WINDOWS\SYSTEM32\kernel.appcore.dll
0x00007ffac2200000 - 0x00007ffac220a000 	C:\Program Files\Java\jdk-17\bin\jimage.dll
0x00007ffacb1f0000 - 0x00007ffacb432000 	C:\WINDOWS\SYSTEM32\DBGHELP.DLL
0x00007ffaceb80000 - 0x00007ffacef03000 	C:\WINDOWS\System32\combase.dll
0x00007ffaceaa0000 - 0x00007ffaceb79000 	C:\WINDOWS\System32\OLEAUT32.dll
0x00007ffa88400000 - 0x00007ffa8843b000 	C:\WINDOWS\SYSTEM32\dbgcore.DLL
0x00007fface510000 - 0x00007fface5bc000 	C:\WINDOWS\System32\bcryptPrimitives.dll
0x00007ffaafe30000 - 0x00007ffaafe55000 	C:\Program Files\Java\jdk-17\bin\java.dll
0x00007ffa76b90000 - 0x00007ffa76c67000 	C:\Program Files\Java\jdk-17\bin\jsvml.dll
0x00007ffacef10000 - 0x00007ffacf6a2000 	C:\WINDOWS\System32\SHELL32.dll
0x00007ffacb520000 - 0x00007ffacbdb2000 	C:\WINDOWS\SYSTEM32\windows.storage.dll
0x00007ffacf9b0000 - 0x00007ffacfaa7000 	C:\WINDOWS\System32\SHCORE.dll
0x00007ffacf6b0000 - 0x00007ffacf717000 	C:\WINDOWS\System32\shlwapi.dll
0x00007ffacd9e0000 - 0x00007ffacda09000 	C:\WINDOWS\SYSTEM32\profapi.dll
0x00007ffab0940000 - 0x00007ffab0959000 	C:\Program Files\Java\jdk-17\bin\net.dll
0x00007ffabfb20000 - 0x00007ffabfc47000 	C:\WINDOWS\SYSTEM32\WINHTTP.dll
0x00007ffaccd50000 - 0x00007ffaccdbc000 	C:\WINDOWS\system32\mswsock.dll
0x00007ffab0080000 - 0x00007ffab0096000 	C:\Program Files\Java\jdk-17\bin\nio.dll
0x00007ffaafd80000 - 0x00007ffaafd98000 	C:\Program Files\Java\jdk-17\bin\zip.dll
0x00007ffaaff50000 - 0x00007ffaaff60000 	C:\Program Files\Java\jdk-17\bin\verify.dll

dbghelp: loaded successfully - version: 4.0.5 - missing functions: none
symbol engine: initialized successfully - sym options: 0x614 - pdb path: .;C:\Program Files\Java\jdk-17\bin;C:\WINDOWS\SYSTEM32;C:\WINDOWS\WinSxS\amd64_microsoft.windows.common-controls_6595b64144ccf1df_6.0.26100.8875_none_3e0d5d42e32fe9dd;C:\Program Files\Java\jdk-17\bin\server

VM Arguments:
jvm_args: -Dapplication.home=C:\Program Files\Java\jdk-17 --add-modules=ALL-DEFAULT -Xms8m -Djdk.module.main=jdk.compiler 
java_command: jdk.compiler/com.sun.tools.javac.Main @C:/Users/komat/AppData/Local/Temp/org.codehaus.plexus.compiler.javac.JavacCompiler613574364670159721arguments
java_class_path (initial): <not set>
Launcher Type: SUN_STANDARD

[Global flags]
     intx CICompilerCount                          = 4                                         {product} {ergonomic}
     uint ConcGCThreads                            = 3                                         {product} {ergonomic}
     uint G1ConcRefinementThreads                  = 10                                        {product} {ergonomic}
   size_t G1HeapRegionSize                         = 4194304                                   {product} {ergonomic}
    uintx GCDrainStackTargetSize                   = 64                                        {product} {ergonomic}
   size_t InitialHeapSize                          = 8388608                                   {product} {command line}
   size_t MarkStackSize                            = 4194304                                   {product} {ergonomic}
   size_t MaxHeapSize                              = 6350176256                                {product} {ergonomic}
   size_t MaxNewSize                               = 3808428032                                {product} {ergonomic}
   size_t MinHeapDeltaBytes                        = 4194304                                   {product} {ergonomic}
   size_t MinHeapSize                              = 8388608                                   {product} {command line}
    uintx NonNMethodCodeHeapSize                   = 5839372                                {pd product} {ergonomic}
    uintx NonProfiledCodeHeapSize                  = 122909434                              {pd product} {ergonomic}
    uintx ProfiledCodeHeapSize                     = 122909434                              {pd product} {ergonomic}
    uintx ReservedCodeCacheSize                    = 251658240                              {pd product} {ergonomic}
     bool SegmentedCodeCache                       = true                                      {product} {ergonomic}
   size_t SoftMaxHeapSize                          = 6350176256                             {manageable} {ergonomic}
     bool UseCompressedClassPointers               = true                           {product lp64_product} {ergonomic}
     bool UseCompressedOops                        = true                           {product lp64_product} {ergonomic}
     bool UseG1GC                                  = true                                      {product} {ergonomic}
     bool UseLargePagesIndividualAllocation        = false                                  {pd product} {ergonomic}

Logging:
Log output configuration:
 #0: stdout all=warning uptime,level,tags
 #1: stderr all=off uptime,level,tags

Environment Variables:
JAVA_HOME=C:\Program Files\Java\jdk-17
PATH=C:\Program Files\PowerShell\7;C:/Users/komat/.gemini/antigravity/bin;C:\Users\komat\AppData\Roaming\Antigravity\bin;C:\Python314\Scripts\;C:\Python314\;C:\Program Files\Common Files\Oracle\Java\javapath;C:\WINDOWS\system32;C:\WINDOWS;C:\WINDOWS\System32\Wbem;C:\WINDOWS\System32\WindowsPowerShell\v1.0\;C:\WINDOWS\System32\OpenSSH\;C:\Program Files\Microsoft SQL Server\130\Tools\Binn\;C:\Program Files\Microsoft SQL Server\Client SDK\ODBC\170\Tools\Binn\;C:\Program Files (x86)\Microsoft SQL Server\150\Tools\Binn\;C:\Program Files\Microsoft SQL Server\150\Tools\Binn\;C:\Program Files\Microsoft SQL Server\150\DTS\Binn\;C:\Program Files (x86)\Microsoft SQL Server\160\DTS\Binn\;C:\Users\komat\.dnx\bin;C:\Program Files\Microsoft DNX\Dnvm\;C:\Program Files\Microsoft\Web Platform Installer\;C:\Program Files\nodejs\;C:\ProgramData\chocolatey\bin;C:\Program Files\dotnet\;C:\Program Files\Microsoft SQL Server\170\Tools\Binn\;C:\Program Files\Java\jdk-17\bin;C:\Program Files\Git\cmd;C:\Program Files\apache-maven-3.9.12\bin;C:\Program Files\Redis\;C:\Users\komat\.local\bin;C:\Program Files\apache-ant-1.10.15;C:\Program Files\apache-tomcat-10.1.53;C:\Program Files\WinDirStat\;C:\Program Files\PowerShell\7\;C:\Users\komat\.cargo\bin;C:\Users\komat\AppData\Local\Microsoft\WindowsApps;C:\karthickworkspace\fluttersdks\flutter\bin;C:\Users\komat\AppData\Roaming\npm;C:\Users\komat\.dotnet\tools;C:\Program Files\JetBrains\IntelliJ IDEA 2025.3.2\bin;C:\Program Files\Java\jdk-17\bin;C:\Program Files\apache-maven-3.9.12\bin;C:\Users\komat\AppData\Local\Microsoft\WinGet\Links;C:\Program Files\JetBrains\WebStorm 2025.3.3\bin;C:\Users\komat\AppData\Local\Programs\Antigravity\bin;C:\Users\komat\AppData\Local\Programs\Ollama;C:\Users\komat\AppData\Local\Programs\Microsoft VS Code\bin;C:\Users\komat\AppData\Local\Programs\Antigravity IDE\bin;C:\Users\komat\.shorebird\bin
USERNAME=komat
OS=Windows_NT
PROCESSOR_IDENTIFIER=Intel64 Family 6 Model 186 Stepping 3, GenuineIntel



---------------  S Y S T E M  ---------------

OS:
 Windows 11 , 64 bit Build 26100 (10.0.26100.8875)
OS uptime: 23 days 0:42 hours
Hyper-V role detected

CPU: total 12 (initial active 12) (6 cores per cpu, 2 threads per core) family 6 model 186 stepping 3 microcode 0x6134, cx8, cmov, fxsr, ht, mmx, 3dnowpref, sse, sse2, sse3, ssse3, sse4.1, sse4.2, popcnt, lzcnt, tsc, tscinvbit, avx, avx2, aes, erms, clmul, bmi1, bmi2, adx, sha, fma, vzeroupper, clflush, clflushopt, clwb, hv

Memory: 4k page, system-wide physical 24219M (961M free)
TotalPageFile size 71112M (AvailPageFile size 5M)
current process WorkingSet (physical memory assigned to process): 2423M, peak: 2674M
current process commit charge ("private bytes"): 2844M, peak: 2846M

vm_info: Java HotSpot(TM) 64-Bit Server VM (17.0.12+8-LTS-286) for windows-amd64 JRE (17.0.12+8-LTS-286), built on Jun  5 2024 06:46:59 by "mach5one" with MS VC++ 17.6 (VS2022)

END.
